student_id,age,gender,year_of_study,field_of_study,stress_level,anxiety_score,sleep_hours,sleep_quality,mood_rating,daily_screen_time_hrs,screen_time_before_sleep,daily_social_media_hours,platform_usage,physical_activity,social_interaction_level,study_hours_per_day,class_attendance_pct,exam_score,GPA,academic_performance
1,22,Male,1,Arts,6,5,5.0,2.0,5.0,2.6,0.5,4.4,TikTok,6.0,5.1,,69.7,59.1,1.9,51.0
2,21,Male,1,Engineering,5,5,5.9,3.0,6.0,2.4,1.0,2.1,Instagram,2.0,9.0,1.5,,54.0,2.21,51.4
3,22,Female,1,Science,6,2,5.7,2.0,4.0,3.5,1.6,2.5,Both,3.9,6.7,,73.0,64.7,2.33,58.1
4,24,Female,2,Computer Science,4,3,7.5,,8.0,1.6,0.0,2.7,Both,6.5,7.5,1.8,81.0,70.6,2.78,71.9
5,21,Male,3,Science,6,4,6.3,2.0,5.0,5.6,,3.4,Instagram,4.6,7.0,2.3,82.4,61.8,2.61,54.8
6,21,Other,2,Other,8,9,5.0,1.0,,4.2,1.2,2.5,Both,2.6,6.7,2.8,79.3,59.2,2.25,51.1
7,24,Male,2,Business,5,6,7.6,4.0,6.0,4.5,1.9,4.2,Both,3.5,5.2,4.1,,85.5,2.97,90.4
8,22,Female,1,Science,5,6,5.2,1.0,6.0,4.9,2.9,3.6,Both,5.0,9.0,2.0,,63.5,2.53,61.0
9,20,Female,4,Engineering,6,6,6.2,2.0,5.0,4.6,0.9,3.3,Both,2.1,5.5,6.0,77.9,,3.23,88.3
10,22,Female,2,Science,9,10,5.6,1.0,3.0,5.7,2.2,4.7,Both,3.1,6.9,3.0,68.6,46.5,1.89,46.7
11,20,Female,1,Science,6,5,6.2,2.0,5.0,3.4,1.1,2.9,Instagram,3.2,5.6,2.5,89.0,66.0,2.68,64.6
12,20,Female,3,Engineering,5,6,6.6,3.0,6.0,5.4,1.4,2.9,Both,2.5,5.2,4.3,77.8,,,74.4
13,21,Male,1,Science,6,6,7.2,4.0,6.0,2.9,0.7,4.0,Both,3.7,8.3,2.0,81.7,69.1,2.87,70.9
14,18,Female,2,Business,6,7,7.6,3.0,8.0,5.8,3.0,1.2,Instagram,3.0,6.4,3.5,82.5,60.4,2.79,64.9
15,18,Male,2,Arts,6,7,,,6.0,2.8,,4.8,Instagram,4.3,6.0,2.0,71.5,65.5,2.39,62.2
16,20,Female,4,Arts,4,5,6.2,4.0,7.0,4.0,1.9,1.0,TikTok,5.3,7.4,2.1,83.2,58.4,2.18,57.7
17,19,Female,2,Arts,6,6,5.8,3.0,5.0,1.9,0.1,,Instagram,1.5,9.0,3.1,74.4,80.8,2.6,69.7
18,22,Female,3,Engineering,7,7,6.4,2.0,5.0,6.0,2.8,3.5,Both,3.4,8.7,2.5,85.8,52.4,2.37,54.5
19,19,Male,4,Engineering,5,5,6.2,3.0,5.0,4.9,2.0,2.4,Instagram,3.7,,3.2,82.2,58.9,2.74,60.7
20,19,Female,1,Arts,6,7,6.4,2.0,6.0,2.7,1.4,3.8,Instagram,3.6,9.5,2.4,76.6,58.6,2.43,55.5
21,23,Female,1,Business,5,5,4.8,2.0,4.0,3.9,0.8,1.1,Instagram,3.5,5.5,1.6,76.6,64.2,2.43,68.8
22,21,Female,2,Engineering,5,4,6.8,3.0,6.0,5.4,0.9,1.7,Instagram,2.7,7.1,4.9,80.7,80.1,3.23,77.3
23,21,Male,2,Computer Science,6,7,6.8,3.0,7.0,5.0,3.2,2.7,Both,5.4,6.8,3.1,81.6,77.9,2.84,77.6
24,19,Male,2,Computer Science,8,8,5.5,2.0,5.0,2.0,0.3,3.3,TikTok,5.9,4.6,1.6,81.1,47.6,2.49,54.4
25,20,Male,4,Business,6,7,,1.0,5.0,4.6,2.1,3.1,Instagram,4.3,7.0,0.8,81.6,45.8,1.81,47.3
26,21,Male,3,Engineering,5,3,7.8,5.0,7.0,4.0,,1.6,Instagram,4.8,6.3,5.1,79.2,74.6,3.07,75.8
27,19,Female,3,Computer Science,5,5,6.5,3.0,6.0,,1.2,2.1,TikTok,3.8,8.3,4.1,88.6,,3.01,66.5
28,22,Male,2,Business,3,2,6.2,4.0,8.0,4.8,0.3,,Instagram,5.3,6.7,3.5,91.6,65.3,3.24,74.0
29,20,Other,4,Computer Science,9,9,4.6,1.0,2.0,,1.5,3.9,Both,0.0,4.6,0.2,64.7,31.5,1.5,36.9
30,21,Male,4,Computer Science,7,8,5.0,2.0,5.0,3.6,0.9,3.1,TikTok,3.9,8.1,4.1,64.5,,2.15,50.5
31,20,Male,4,Computer Science,6,5,7.3,3.0,6.0,1.7,1.0,2.9,Instagram,2.5,5.9,2.7,81.3,69.6,2.2,69.7
32,24,Female,1,Business,7,7,7.0,3.0,6.0,4.0,2.5,2.7,TikTok,3.3,7.6,1.8,75.9,67.0,2.23,63.7
33,21,Female,3,Engineering,5,5,5.5,,5.0,2.3,0.0,2.7,Instagram,5.3,7.2,,84.5,65.9,2.11,61.6
34,19,Female,1,Arts,6,5,7.1,3.0,7.0,4.3,1.5,2.2,Instagram,3.6,6.9,3.2,84.8,61.9,2.74,68.8
35,22,Female,1,Arts,6,6,5.8,2.0,5.0,5.2,1.4,3.9,Instagram,2.7,5.5,2.1,85.5,64.5,2.28,52.1
36,19,Female,1,Arts,3,2,8.1,5.0,7.0,1.9,0.2,1.3,TikTok,1.5,6.7,0.2,80.5,60.7,2.2,60.0
37,21,Male,3,Engineering,4,6,7.6,2.0,7.0,4.5,,,TikTok,3.3,6.4,4.0,99.8,86.5,2.92,87.1
38,18,Other,3,Engineering,4,5,5.4,1.0,6.0,1.0,0.0,1.8,TikTok,4.6,5.8,4.1,87.8,67.0,2.95,73.4
39,19,Other,1,Computer Science,5,5,5.8,2.0,5.0,4.4,0.7,1.0,Instagram,2.6,6.3,1.9,83.4,53.6,1.94,49.8
40,21,Female,2,Arts,7,6,3.5,1.0,4.0,3.9,0.0,1.3,Instagram,,7.5,3.5,80.4,64.5,1.97,52.2
41,22,Male,2,Computer Science,7,8,4.9,1.0,5.0,5.5,1.9,2.4,TikTok,6.5,7.7,3.0,78.4,58.4,2.37,54.7
42,21,Female,2,Computer Science,6,7,4.9,2.0,5.0,4.1,0.4,3.1,Both,4.0,7.2,2.7,82.9,67.3,2.3,57.3
43,21,Male,1,Business,4,4,6.8,4.0,8.0,3.3,,2.2,Both,3.1,6.3,2.1,84.9,59.6,2.56,60.6
44,20,Male,2,Arts,5,4,6.0,3.0,6.0,4.6,1.8,3.5,Instagram,5.2,,3.0,87.2,70.0,3.09,70.2
45,18,Male,3,Computer Science,7,7,4.4,1.0,2.0,3.6,1.2,3.6,Instagram,3.4,4.6,2.3,79.8,58.2,2.38,58.4
46,20,Female,1,Business,4,4,6.3,3.0,7.0,3.8,1.4,2.9,Both,5.2,6.3,2.9,91.5,58.2,2.65,63.3
47,20,Female,1,Arts,3,3,7.1,3.0,8.0,1.8,0.1,2.4,Both,5.1,5.4,4.5,78.8,81.3,3.01,72.0
48,23,Female,2,Engineering,6,6,7.1,3.0,6.0,4.9,2.1,3.8,Both,1.5,4.9,2.4,76.0,46.7,2.3,50.0
49,22,Female,4,Business,7,8,3.9,1.0,5.0,5.2,2.3,1.5,TikTok,4.6,6.2,1.8,79.8,61.6,2.38,58.4
50,18,Male,3,Arts,8,10,5.8,2.0,4.0,7.2,3.6,4.8,Both,5.9,5.8,,79.0,38.0,1.47,35.2
51,22,Male,3,Science,8,9,4.7,2.0,3.0,4.5,1.6,3.0,TikTok,2.0,7.6,1.3,69.1,44.6,1.82,45.1
52,20,Male,2,Engineering,5,6,,3.0,7.0,5.7,2.2,2.1,Both,1.8,5.9,,84.9,69.3,2.6,67.4
53,20,Other,2,Science,3,2,7.2,2.0,5.0,1.7,0.0,1.7,TikTok,2.7,7.4,3.5,79.2,69.1,3.35,75.7
54,22,Male,1,Engineering,5,6,5.7,1.0,6.0,6.4,2.3,1.7,TikTok,4.7,7.0,2.5,86.0,77.4,2.84,71.6
55,23,Female,3,Engineering,5,6,5.5,1.0,6.0,3.8,1.6,3.1,TikTok,4.1,8.1,3.7,82.0,64.0,2.32,60.6
56,23,Female,4,Science,10,10,5.6,1.0,2.0,1.5,1.2,5.1,TikTok,0.9,6.3,3.1,66.6,49.0,2.26,58.2
57,20,Male,3,Computer Science,9,9,3.6,1.0,2.0,4.7,2.6,2.5,TikTok,3.9,5.7,0.0,65.5,28.7,0.77,18.4
58,20,Female,4,Business,7,7,6.2,2.0,5.0,4.7,1.6,4.0,TikTok,2.9,8.2,4.1,77.3,61.1,2.76,69.4
59,22,Female,3,Engineering,3,3,5.9,3.0,8.0,3.4,0.8,0.7,None,3.5,6.2,4.3,82.4,77.8,3.27,
60,23,Female,1,Engineering,5,3,7.9,2.0,7.0,2.0,1.6,3.1,Both,2.3,6.1,2.2,81.2,70.8,3.08,75.4
61,20,Other,4,Arts,5,4,4.6,1.0,4.0,3.9,1.1,2.5,Instagram,3.8,6.8,2.3,88.9,61.8,2.43,64.9
62,21,Male,1,Science,6,5,6.0,2.0,6.0,16.6,2.2,2.5,Instagram,,7.2,2.8,68.9,55.7,2.35,52.8
63,19,Male,2,Computer Science,6,4,4.6,1.0,5.0,2.5,1.1,2.4,Both,2.2,7.0,0.4,63.3,45.9,1.56,43.3
64,19,Female,1,Arts,6,5,5.4,2.0,3.0,3.9,0.8,3.6,Instagram,0.9,4.5,2.1,79.1,47.3,2.57,52.9
65,22,Other,1,Computer Science,5,6,5.4,2.0,7.0,2.6,0.2,3.0,TikTok,3.2,7.0,3.1,70.6,73.7,3.04,79.1
66,23,Male,2,Science,4,5,7.7,3.0,7.0,,1.5,2.2,TikTok,4.8,7.4,2.7,74.4,66.3,2.79,62.6
67,21,Female,1,Arts,4,3,5.9,2.0,7.0,3.5,0.3,0.9,TikTok,3.1,6.6,1.5,,58.1,2.43,56.5
68,23,Female,2,Science,7,6,6.7,3.0,5.0,3.2,0.5,4.6,Instagram,1.1,5.0,2.5,83.4,45.1,2.65,57.3
69,22,Female,2,Other,7,8,6.1,1.0,4.0,5.5,1.3,2.7,Both,4.2,5.5,4.8,68.3,65.3,2.98,72.9
70,20,Male,1,Arts,7,8,5.2,,,3.6,2.1,1.8,Instagram,4.8,7.4,1.3,63.7,61.8,2.04,56.2
71,22,Female,1,Science,5,5,6.5,3.0,6.0,3.1,0.9,3.7,Both,3.1,5.2,2.0,73.1,65.9,2.26,62.5
72,24,Other,2,Science,5,6,7.3,2.0,4.0,4.5,0.8,2.3,TikTok,0.9,6.0,3.0,76.0,76.5,2.39,65.3
73,21,Male,2,Engineering,7,6,5.1,1.0,4.0,4.2,2.7,3.8,Instagram,3.1,,3.7,85.9,63.9,2.68,61.8
74,24,Male,3,Arts,3,3,7.3,4.0,6.0,3.9,0.3,1.6,Instagram,4.0,5.0,2.0,85.1,49.7,2.72,64.8
75,18,Other,3,Engineering,8,7,5.0,1.0,3.0,5.1,1.5,,Instagram,2.2,4.6,2.6,75.6,54.3,1.95,53.0
76,22,Male,4,Business,8,8,5.4,1.0,3.0,4.1,1.3,,TikTok,4.3,6.6,1.5,78.1,50.1,2.17,50.7
77,21,Female,3,Science,4,4,6.7,3.0,7.0,3.4,1.1,,Instagram,2.2,5.6,3.0,91.3,78.1,2.77,
78,20,Female,2,Arts,5,3,5.6,2.0,,3.8,2.0,2.6,TikTok,3.3,5.6,1.6,75.0,57.4,2.43,63.5
79,21,Male,3,Computer Science,7,8,6.2,2.0,3.0,4.1,2.4,3.1,Both,3.1,5.2,2.2,76.0,50.6,2.17,57.0
80,18,Female,1,Computer Science,8,9,6.1,2.0,3.0,4.5,1.6,5.1,TikTok,3.8,5.0,0.7,73.0,44.6,1.8,44.0
81,21,Male,2,Computer Science,5,6,6.5,2.0,6.0,0.2,0.8,2.8,Instagram,3.1,8.1,2.3,84.5,61.5,2.33,57.4
82,22,Female,3,Engineering,9,10,3.6,1.0,2.0,4.4,2.6,2.8,Both,3.1,4.8,0.0,73.8,38.5,1.58,38.2
83,24,Male,2,Engineering,8,8,4.6,1.0,4.0,3.3,1.6,3.8,Both,2.1,7.4,0.0,83.5,39.3,1.57,38.5
84,20,Female,3,Arts,6,6,6.7,1.0,5.0,4.5,3.1,2.9,Instagram,3.4,5.8,3.2,77.2,58.3,2.71,66.2
85,20,Male,4,Science,6,4,7.0,3.0,6.0,2.7,0.0,2.5,Instagram,3.4,,4.5,81.1,77.0,2.58,66.2
86,20,Male,4,Science,7,7,4.8,1.0,3.0,2.7,1.8,1.8,TikTok,2.2,6.6,5.9,77.6,67.8,2.94,68.8
87,23,Other,4,Engineering,10,10,5.8,1.0,3.0,6.2,2.4,4.5,Instagram,4.2,6.1,,73.9,47.1,2.11,49.6
88,22,Male,2,Engineering,7,6,6.8,4.0,5.0,5.1,,2.1,Both,3.6,6.2,2.1,89.1,54.5,,60.3
89,20,Female,2,Engineering,3,3,7.1,2.0,6.0,5.0,1.0,1.8,Instagram,3.2,6.7,1.5,85.9,68.0,2.76,71.6
90,22,Male,2,Computer Science,8,8,4.2,1.0,3.0,3.7,1.8,3.0,Both,4.6,6.5,2.2,68.4,,,47.8
91,21,Female,2,Engineering,8,8,5.4,1.0,4.0,3.4,0.7,4.2,TikTok,4.0,5.8,0.2,82.0,42.6,1.25,42.5
92,23,Male,3,Business,5,6,5.9,2.0,5.0,4.8,1.3,1.8,TikTok,1.6,7.1,2.1,80.1,69.5,2.68,64.6
93,20,Other,3,Engineering,7,6,6.8,3.0,5.0,3.2,0.9,4.7,TikTok,5.4,4.6,3.4,83.3,65.3,2.29,66.0
94,20,Male,3,Arts,1,1,8.8,5.0,,2.3,0.4,2.6,Both,5.0,5.6,4.9,,88.7,4.0,91.6
95,20,Male,2,Science,5,6,6.1,2.0,4.0,5.2,2.5,3.7,Instagram,,5.4,1.7,87.6,57.3,2.43,57.8
96,19,Male,1,Computer Science,4,4,4.9,2.0,4.0,3.9,1.6,1.6,Instagram,4.0,5.4,0.9,74.7,57.9,1.82,52.4
97,22,Male,2,Computer Science,7,7,6.9,2.0,4.0,3.2,1.8,4.0,Both,0.0,5.2,2.7,71.6,,,63.9
98,21,Female,1,Science,5,6,8.1,4.0,8.0,1.9,2.0,2.2,TikTok,4.8,7.3,3.7,69.2,84.1,2.61,72.3
99,21,Male,4,Computer Science,7,7,6.0,3.0,4.0,2.8,1.3,4.3,Both,3.6,3.6,,72.1,53.1,2.91,65.2
100,21,Female,2,Other,6,5,5.4,1.0,6.0,0.5,0.5,1.2,Instagram,4.1,6.2,0.0,83.4,49.0,1.8,45.7
101,19,Male,1,Computer Science,5,6,7.5,3.0,6.0,2.2,0.7,,Both,4.2,6.2,3.3,84.8,72.4,2.58,60.0
102,20,Male,1,Computer Science,2,1,7.3,4.0,9.0,5.5,1.4,2.1,TikTok,6.1,6.7,4.8,,86.3,3.73,89.9
103,20,Female,3,Engineering,6,6,4.9,2.0,4.0,1.4,0.9,2.2,Both,2.5,4.6,2.0,84.0,59.1,2.16,52.0
104,20,Female,3,Business,6,6,6.5,2.0,4.0,4.5,1.5,4.5,Both,2.4,5.2,0.8,79.0,51.2,2.26,58.6
105,21,Male,2,Engineering,5,5,7.5,4.0,7.0,4.5,0.7,2.8,TikTok,,4.9,2.2,93.6,58.2,2.54,65.6
106,22,Male,1,Engineering,7,8,8.0,2.0,5.0,4.2,3.4,5.0,Both,1.5,4.9,2.6,84.3,64.1,2.76,63.8
107,24,Male,2,Other,2,1,6.6,4.0,6.0,4.5,0.0,0.0,None,2.5,4.6,3.4,88.0,83.2,2.92,
108,21,Female,2,Science,8,7,6.0,2.0,4.0,3.4,1.0,3.2,Both,1.1,5.2,2.4,83.4,54.7,1.63,44.8
109,21,Female,3,Arts,7,7,7.5,2.0,5.0,6.5,2.5,5.0,TikTok,4.3,,4.0,77.9,76.3,2.47,70.2
110,21,Female,3,Computer Science,5,5,4.8,2.0,5.0,3.9,1.1,1.6,TikTok,6.6,7.0,2.3,73.5,57.9,2.65,64.4
111,18,Female,2,Computer Science,5,6,6.6,2.0,6.0,3.5,1.5,3.9,Instagram,6.7,7.2,4.2,95.2,78.1,2.87,
112,21,Female,1,Other,8,9,5.1,1.0,5.0,0.8,1.5,2.8,Both,2.0,5.8,1.7,74.4,36.9,2.25,46.5
113,21,Female,4,Engineering,5,5,7.1,4.0,7.0,2.0,0.7,1.2,Instagram,3.3,7.5,3.8,91.5,90.3,2.54,75.9
114,25,Female,2,Engineering,4,3,6.4,3.0,5.0,3.2,0.0,2.5,Instagram,5.0,6.3,3.0,90.6,69.1,3.15,81.1
115,21,Male,3,Science,5,5,7.5,4.0,,5.9,1.7,4.3,TikTok,3.9,6.8,3.5,94.9,69.3,2.78,70.4
116,22,Male,1,Engineering,3,5,7.3,4.0,7.0,1.6,0.6,2.0,TikTok,3.4,7.8,4.2,83.9,78.5,3.54,80.2
117,21,Male,2,Engineering,6,6,5.1,2.0,4.0,3.4,,2.5,Both,2.9,6.5,3.0,74.1,54.3,2.54,60.5
118,19,Male,1,Science,5,5,8.1,4.0,6.0,3.0,1.0,3.3,Both,5.0,6.5,3.2,85.1,62.6,2.99,71.8
119,23,Female,2,Computer Science,6,7,8.3,4.0,7.0,5.4,2.4,2.4,TikTok,2.2,6.5,,80.8,52.3,2.32,54.3
120,22,Other,4,Business,7,9,7.0,3.0,6.0,6.4,3.8,4.4,Instagram,4.0,6.4,3.3,68.5,63.6,2.92,71.5
121,22,Male,2,Science,7,6,5.6,2.0,5.0,3.5,1.4,,Both,4.0,7.6,0.1,76.8,46.2,1.86,48.8
122,19,Male,1,Arts,4,3,6.2,3.0,6.0,3.9,0.7,2.7,TikTok,3.6,7.3,2.3,87.9,66.0,,57.0
123,23,Male,1,Engineering,4,2,7.0,2.0,7.0,2.3,,2.2,TikTok,4.4,7.6,0.6,81.1,57.8,2.79,69.8
124,19,Other,2,Engineering,4,4,5.5,2.0,6.0,3.8,1.3,2.6,TikTok,3.7,6.4,4.8,75.3,67.7,2.93,68.0
125,22,Male,1,Computer Science,3,4,8.6,5.0,7.0,6.1,2.7,1.9,Instagram,2.7,6.6,4.4,88.6,80.8,4.0,92.9
126,25,Female,1,Arts,5,5,7.1,2.0,5.0,3.1,,4.3,TikTok,3.3,6.3,2.5,87.7,67.2,2.46,62.0
127,19,Male,3,Computer Science,7,9,3.0,,2.0,,0.0,2.2,Both,1.2,4.4,3.2,59.8,50.9,1.93,43.5
128,20,Male,2,Engineering,5,5,6.7,3.0,6.0,3.4,1.5,3.5,TikTok,4.5,7.6,3.5,98.0,73.6,3.04,76.1
129,21,Other,1,Computer Science,7,7,6.3,3.0,4.0,4.9,1.9,2.4,Both,4.6,4.6,2.5,69.3,56.6,2.61,68.1
130,20,Other,4,Arts,5,5,5.7,2.0,4.0,3.3,0.4,3.5,TikTok,2.4,6.7,3.3,74.8,65.6,2.71,66.6
131,18,Male,1,Business,6,5,6.0,3.0,4.0,3.7,1.8,,Instagram,1.9,6.2,2.1,83.9,60.4,2.11,51.0
132,21,Other,4,Arts,8,8,6.8,2.0,5.0,5.3,,3.2,Both,2.2,5.5,1.1,80.7,53.2,1.65,
133,19,Female,2,Computer Science,5,5,7.5,3.0,7.0,1.1,1.7,1.8,Instagram,3.0,6.8,4.4,88.8,,2.81,72.6
134,22,Female,4,Business,5,5,6.3,2.0,5.0,4.5,1.1,2.4,Instagram,3.6,6.9,3.0,76.5,81.5,2.24,71.2
135,19,Male,3,Business,5,5,5.6,1.0,6.0,5.3,1.8,1.8,TikTok,6.1,5.6,1.0,78.7,,2.93,67.0
136,24,Female,4,Other,5,4,6.1,3.0,5.0,3.3,1.3,3.5,TikTok,5.5,8.3,3.5,76.8,57.6,2.54,54.6
137,20,Female,4,Computer Science,5,4,5.8,2.0,5.0,1.9,,3.6,Both,4.8,6.5,,79.0,,2.57,62.8
138,20,Female,1,Business,5,5,5.7,3.0,4.0,2.4,0.0,1.9,Instagram,3.6,9.3,4.6,82.1,72.0,3.08,75.4
139,22,Male,4,Arts,5,5,6.6,2.0,6.0,4.1,2.6,2.3,Both,2.3,7.0,3.5,74.8,63.8,2.72,65.1
140,19,Male,2,Science,6,6,6.7,3.0,6.0,3.8,2.1,2.1,Instagram,5.5,7.0,1.6,70.5,59.4,2.27,54.3
141,21,Male,2,Engineering,6,6,8.1,4.0,6.0,4.6,1.8,3.7,TikTok,2.9,5.1,1.1,89.9,61.7,2.31,65.8
142,23,Female,2,Business,5,6,7.9,3.0,7.0,4.2,0.8,3.6,Both,4.0,6.1,4.6,84.0,74.8,2.97,72.9
143,18,Male,2,Computer Science,8,9,5.4,2.0,3.0,4.1,,4.5,Both,4.1,6.2,1.7,78.0,,,56.4
144,21,Female,1,Computer Science,4,5,7.6,4.0,7.0,6.2,0.6,,Instagram,3.5,8.0,2.4,83.9,79.7,2.89,73.9
145,21,Other,2,Science,7,8,5.4,2.0,6.0,4.9,1.0,3.5,Instagram,5.0,7.9,1.3,79.5,36.9,1.81,43.9
146,22,Male,2,Business,6,6,7.2,4.0,5.0,,0.0,4.1,TikTok,4.1,6.7,4.2,96.7,62.4,3.19,72.1
147,19,Female,3,Engineering,5,5,,3.0,4.0,3.9,0.6,2.9,Both,4.9,8.7,3.2,72.9,74.0,2.7,70.5
148,19,Male,4,Other,7,9,4.6,1.0,3.0,4.1,1.5,3.9,Both,4.0,3.7,3.2,68.3,64.9,2.17,56.1
149,22,Female,2,Other,5,6,6.8,3.0,6.0,4.7,1.7,2.0,Both,,7.0,3.4,76.3,73.0,2.69,71.7
150,22,Male,2,Arts,10,9,3.5,1.0,3.0,4.9,2.2,2.7,TikTok,3.0,7.7,0.1,77.2,32.5,1.61,41.6
151,21,Female,1,Computer Science,5,3,4.7,2.0,6.0,5.2,1.5,1.2,TikTok,3.7,7.3,4.5,77.3,70.6,,69.4
152,22,Female,1,Arts,6,6,6.5,3.0,6.0,4.4,2.3,2.7,TikTok,1.7,4.2,2.2,83.2,,2.4,59.1
153,20,Other,1,Business,8,9,6.7,1.0,5.0,4.5,2.3,3.3,Instagram,1.8,7.4,3.0,56.5,58.6,2.11,65.8
154,21,Female,2,Engineering,8,9,6.0,2.0,4.0,5.6,1.8,5.2,Both,4.3,6.8,3.0,77.1,67.5,2.5,61.2
155,21,Female,1,Business,8,7,4.9,2.0,4.0,,1.6,2.9,Both,1.6,6.2,1.7,67.1,43.0,1.86,43.0
156,20,Female,4,Arts,8,9,4.9,2.0,3.0,2.1,0.6,3.9,Both,3.0,6.0,0.7,80.0,43.9,2.23,55.3
157,24,Female,2,Arts,4,5,7.1,4.0,6.0,3.8,2.1,2.8,TikTok,1.8,8.2,2.6,,75.9,2.67,75.8
158,22,Female,2,Science,6,7,7.1,1.0,7.0,6.1,2.8,2.7,Both,2.8,6.7,,77.3,69.8,3.18,66.6
159,19,Male,2,Other,6,7,6.2,1.0,6.0,7.5,2.1,2.4,Both,2.8,5.9,3.3,88.2,70.9,2.61,70.4
160,22,Other,1,Engineering,5,5,8.0,4.0,6.0,4.8,3.3,2.9,TikTok,2.5,5.0,4.7,94.7,84.6,2.79,75.7
161,19,Female,2,Business,4,3,6.7,4.0,6.0,3.7,0.5,3.7,TikTok,1.2,6.4,4.3,91.3,,3.85,86.1
162,22,Female,3,Arts,4,5,5.4,3.0,7.0,2.9,0.2,2.1,Both,3.5,,2.0,85.9,55.4,2.08,57.7
163,23,Male,2,Arts,7,8,6.3,2.0,5.0,5.8,2.1,3.9,Both,2.1,5.7,3.9,73.4,59.5,,52.5
164,20,Female,2,Arts,6,6,4.8,1.0,4.0,4.6,1.4,2.9,TikTok,2.6,5.3,1.1,,42.8,1.42,37.0
165,23,Male,4,Science,5,8,5.9,3.0,7.0,5.9,2.1,2.1,TikTok,4.9,8.4,3.7,78.7,55.8,3.58,73.2
166,22,Female,4,Engineering,7,6,7.2,3.0,5.0,4.4,1.6,5.2,Both,4.8,5.0,5.3,81.6,82.8,3.59,85.4
167,22,Male,3,Arts,4,4,7.0,4.0,6.0,2.1,0.5,2.3,Instagram,1.8,8.3,3.8,79.0,60.6,2.93,68.8
168,24,Female,2,Business,7,6,8.2,4.0,5.0,3.3,1.5,4.4,Both,5.4,5.5,0.8,81.8,67.2,2.45,68.5
169,21,Other,3,Engineering,4,4,5.8,2.0,4.0,2.7,0.0,1.6,Instagram,3.1,4.9,2.8,95.4,65.1,2.74,68.4
170,20,Male,1,Arts,7,5,8.1,3.0,7.0,4.1,1.1,4.5,Both,2.0,4.1,5.0,81.3,72.8,2.4,
171,19,Other,2,Business,7,8,,,4.0,,1.8,3.4,Instagram,2.4,4.5,2.1,72.1,43.8,2.59,57.2
172,20,Male,1,Arts,5,6,8.2,4.0,7.0,7.0,2.2,,TikTok,3.3,5.8,4.7,77.9,81.7,3.51,87.8
173,21,Female,2,Computer Science,3,3,6.4,2.0,7.0,5.5,2.0,1.0,Instagram,6.0,6.7,2.5,87.1,68.4,,68.1
174,22,Female,2,Engineering,6,6,7.3,3.0,5.0,0.2,0.0,2.3,Both,1.4,7.1,2.6,83.7,64.3,2.55,61.7
175,21,Female,1,Engineering,7,8,8.3,3.0,5.0,3.9,1.5,4.6,Both,0.2,6.1,,78.8,55.7,2.34,58.8
176,22,Female,4,Computer Science,4,4,5.8,3.0,5.0,1.4,0.1,2.5,Both,4.3,6.3,5.3,,84.5,3.11,73.4
177,21,Female,4,Business,8,9,6.1,1.0,,,2.9,4.4,Instagram,4.0,9.8,1.8,77.5,45.6,1.94,52.5
178,23,Male,3,Arts,1,1,7.7,4.0,9.0,0.9,0.8,1.0,Instagram,3.6,6.4,2.4,95.2,,3.1,83.6
179,21,Male,2,Computer Science,3,3,,4.0,7.0,3.3,0.3,1.6,Instagram,4.4,6.6,6.1,90.5,92.5,3.32,90.3
180,26,Female,4,Computer Science,6,7,4.8,1.0,5.0,3.9,,3.1,Instagram,2.1,4.3,2.7,78.8,70.3,2.57,71.3
181,22,Female,1,Other,4,5,9.1,5.0,8.0,4.5,1.1,3.7,Both,1.8,5.5,4.4,87.1,88.4,3.2,83.5
182,20,Female,3,Business,8,8,5.6,1.0,4.0,5.2,2.3,3.9,TikTok,3.8,6.5,0.2,72.3,42.5,1.57,38.0
183,19,Female,1,Business,2,2,6.7,3.0,10.0,5.2,0.5,2.1,Both,5.9,5.6,3.9,90.5,81.2,3.3,77.5
184,22,Male,3,Science,13,3,7.5,4.0,7.0,3.5,0.0,2.9,TikTok,,5.9,3.8,92.3,81.8,3.13,83.4
185,21,Female,1,Engineering,5,5,6.0,2.0,6.0,0.5,0.0,2.0,Instagram,4.4,,1.7,88.4,65.9,2.39,59.9
186,22,Male,4,Business,7,8,4.9,1.0,3.0,6.1,2.0,3.0,Instagram,1.6,5.1,2.9,69.4,51.8,2.38,54.7
187,22,Female,4,Science,3,3,6.3,2.0,6.0,3.3,0.6,0.1,None,4.3,6.2,1.9,84.8,73.9,2.64,70.4
188,21,Male,1,Computer Science,9,8,4.7,1.0,1.0,4.6,0.5,3.6,Instagram,1.4,6.5,0.3,61.4,29.9,1.3,31.2
189,20,Male,2,Business,7,7,6.0,1.0,4.0,4.8,2.6,3.4,Both,5.8,5.2,3.6,68.6,66.3,2.25,61.7
190,18,Male,4,Business,7,7,5.9,1.0,4.0,3.0,1.7,1.7,Instagram,2.4,4.9,,66.7,57.5,2.14,48.9
191,20,Male,2,Science,5,4,6.0,2.0,5.0,2.7,1.5,1.3,Instagram,2.3,6.5,2.4,72.5,57.7,2.81,63.8
192,22,Female,4,Engineering,8,9,4.3,1.0,3.0,6.5,2.8,4.2,Instagram,,6.4,1.8,63.5,35.5,1.76,
193,21,Male,2,Engineering,4,4,8.2,5.0,7.0,5.4,2.0,2.6,Both,3.6,6.7,3.2,90.3,72.9,2.85,70.5
194,19,Male,2,Science,7,5,6.4,2.0,5.0,2.9,1.1,4.0,Both,3.2,5.6,3.1,69.5,41.0,2.22,46.0
195,21,Male,1,Engineering,6,7,8.2,5.0,6.0,0.4,0.9,5.2,Both,5.2,5.8,3.0,85.0,66.4,2.34,65.4
196,22,Male,1,Business,5,5,6.4,2.0,8.0,5.8,2.1,1.3,Instagram,4.2,8.0,1.3,87.3,49.5,2.73,58.3
197,19,Male,3,Computer Science,7,8,5.0,1.0,5.0,1.9,1.7,1.9,Instagram,2.5,7.2,1.5,67.4,73.2,2.12,62.7
198,21,Male,2,Computer Science,6,7,6.7,1.0,6.0,6.2,1.3,2.0,Both,4.9,6.8,1.9,77.9,66.8,2.68,66.1
199,21,Female,2,Arts,6,6,6.2,2.0,5.0,1.4,0.5,3.8,Both,1.8,5.3,2.0,68.2,58.0,2.33,58.2
200,19,Female,2,Engineering,6,4,4.9,1.0,,4.4,1.9,1.4,Instagram,2.3,6.3,2.6,68.3,68.3,2.05,64.2
201,22,Female,2,Computer Science,6,4,8.1,4.0,6.0,3.7,,5.0,Both,3.4,4.9,3.2,91.8,74.6,2.67,72.3
202,22,Female,4,Computer Science,3,2,5.3,3.0,6.0,3.5,0.6,1.6,TikTok,2.6,6.1,0.8,85.1,50.6,2.18,48.5
203,23,Male,4,Engineering,8,8,4.0,1.0,4.0,5.5,2.7,3.0,Instagram,5.1,6.0,2.9,84.9,49.3,2.04,49.0
204,23,Female,2,Arts,3,4,8.0,5.0,8.0,3.4,0.8,2.6,TikTok,6.6,6.9,3.7,87.3,87.4,3.21,82.1
205,19,Female,4,Science,6,6,5.2,1.0,6.0,2.1,0.1,2.0,Instagram,3.3,5.8,1.4,85.8,46.9,2.44,55.4
206,19,Female,3,Computer Science,10,10,5.3,1.0,2.0,3.2,1.0,4.5,Instagram,2.3,6.2,2.4,62.2,49.6,2.41,58.6
207,22,Male,2,Other,6,5,4.5,1.0,4.0,4.1,2.4,2.2,Both,3.1,7.3,0.0,71.1,49.5,1.57,43.9
208,22,Male,4,Engineering,5,5,7.9,4.0,6.0,4.7,2.1,4.0,Instagram,,5.3,1.6,100.0,62.1,2.47,61.9
209,22,Male,1,Computer Science,6,6,5.3,3.0,5.0,1.8,1.2,2.3,Both,3.7,5.4,4.7,71.3,71.3,2.82,63.0
210,26,Male,1,Arts,5,5,7.1,2.0,6.0,4.2,1.3,2.6,Both,,6.6,3.2,90.8,76.3,2.38,71.7
211,22,Female,4,Other,9,10,7.0,2.0,4.0,4.7,2.3,6.5,Instagram,3.6,5.7,1.1,74.0,52.4,1.97,50.0
212,23,Female,2,Business,6,8,,4.0,7.0,4.7,1.3,4.0,TikTok,5.7,6.1,2.8,75.7,67.4,2.8,69.7
213,23,Female,4,Computer Science,6,6,,1.0,5.0,3.5,1.3,2.8,Both,1.1,7.3,2.6,66.4,59.9,2.29,59.4
214,22,Female,4,Engineering,8,9,4.1,1.0,3.0,3.9,0.7,3.7,Both,2.0,5.0,1.7,68.8,51.3,1.98,47.6
215,20,Female,1,Science,3,3,5.7,2.0,6.0,3.5,0.4,1.1,TikTok,2.8,4.1,3.8,75.6,59.8,2.92,66.1
216,22,Female,4,Engineering,11,7,6.2,2.0,4.0,3.4,1.0,4.8,TikTok,4.2,5.2,1.9,73.1,63.0,1.35,44.2
217,20,Other,2,Other,6,6,5.5,1.0,5.0,4.3,1.4,0.7,None,4.5,8.9,3.1,65.4,60.5,2.25,63.0
218,21,Male,2,Computer Science,3,2,6.6,3.0,7.0,2.1,1.1,1.6,Instagram,4.7,6.5,3.4,89.4,70.1,3.44,71.0
219,20,Male,3,Computer Science,4,4,6.8,4.0,6.0,5.7,1.7,2.5,Both,1.1,5.1,,71.8,71.6,2.75,66.6
220,21,Male,4,Other,4,3,7.0,3.0,7.0,1.9,0.0,2.1,Both,3.2,6.4,2.3,83.8,71.9,1.9,57.3
221,25,Female,1,Engineering,6,6,5.6,1.0,6.0,3.7,1.4,,TikTok,1.7,6.8,3.7,66.4,57.9,2.09,
222,18,Female,2,Science,2,2,8.6,5.0,8.0,2.3,0.9,2.3,Both,3.4,6.3,4.9,100.0,91.4,3.76,95.3
223,22,Male,3,Engineering,4,5,7.1,1.0,6.0,4.2,2.6,3.1,Instagram,3.5,6.9,4.5,71.1,78.4,2.95,70.1
224,18,Other,3,Engineering,5,5,5.9,2.0,6.0,4.5,0.2,1.5,TikTok,1.7,5.9,3.0,76.3,65.6,1.77,53.5
225,20,Male,3,Engineering,5,7,7.3,4.0,6.0,4.6,1.9,,Both,2.6,6.9,3.6,85.9,84.1,3.11,83.1
226,23,Other,1,Business,3,5,9.4,5.0,8.0,,1.6,2.0,TikTok,4.8,7.0,4.0,95.9,84.1,,95.6
227,21,Male,1,Science,6,5,5.1,1.0,5.0,2.6,0.4,3.4,Both,2.4,5.4,3.4,66.8,61.8,2.21,57.0
228,19,Male,2,Engineering,6,7,6.0,2.0,4.0,4.2,1.7,4.4,Instagram,3.1,6.1,2.0,66.4,51.9,2.66,55.8
229,20,Female,3,Engineering,6,8,3.5,1.0,5.0,3.9,0.6,1.7,Instagram,6.0,6.5,1.0,79.8,42.2,1.8,44.9
230,22,Male,1,Engineering,5,6,6.9,4.0,5.0,4.1,1.4,4.5,Instagram,5.7,4.8,3.3,83.7,72.8,,69.9
231,20,Male,1,Other,5,6,,3.0,5.0,3.1,0.4,1.9,Instagram,,5.7,2.9,72.5,63.3,2.42,63.3
232,21,Male,4,Computer Science,5,3,5.9,2.0,5.0,2.6,1.1,4.4,TikTok,3.6,4.4,3.0,85.3,65.1,2.09,60.4
233,21,Female,1,Other,5,5,5.9,,7.0,6.1,3.9,4.5,Both,7.3,7.5,3.2,80.2,68.8,2.97,72.9
234,20,Female,4,Science,7,7,3.6,1.0,3.0,5.2,2.5,4.0,Both,4.0,6.1,1.1,66.6,45.7,1.99,49.7
235,25,Male,3,Science,5,7,6.9,3.0,6.0,4.5,2.1,2.3,Instagram,3.7,8.1,3.0,76.8,68.3,2.59,72.0
236,22,Female,4,Computer Science,5,4,7.6,5.0,6.0,3.7,1.6,3.5,Both,5.6,6.2,3.0,81.0,70.1,3.09,73.0
237,18,Female,1,Science,6,6,5.8,2.0,5.0,2.4,0.4,3.9,Both,3.3,5.9,3.7,72.2,70.6,2.16,57.1
238,21,Male,1,Science,4,5,,4.0,6.0,4.9,,2.5,Both,4.2,4.7,3.3,87.7,,3.12,85.9
239,20,Male,3,Engineering,5,4,4.3,1.0,5.0,,1.6,0.7,None,3.6,5.4,2.8,86.6,72.1,2.53,62.7
240,22,Male,4,Engineering,6,6,6.5,2.0,6.0,4.2,0.6,2.1,Both,4.0,4.5,1.7,70.7,54.1,2.16,50.2
241,20,Male,3,Engineering,9,9,5.6,1.0,2.0,5.0,2.3,4.7,Instagram,4.0,7.2,2.5,69.2,59.9,2.19,54.2
242,21,Female,1,Science,8,9,,2.0,4.0,,2.3,4.6,Both,4.3,5.5,2.2,73.2,45.0,1.93,42.4
243,22,Male,3,Arts,6,7,5.4,1.0,4.0,7.7,2.6,1.6,TikTok,3.1,8.0,,79.3,51.4,2.51,61.7
244,22,Female,3,Engineering,4,4,5.8,2.0,7.0,2.6,0.1,0.0,None,3.6,3.7,5.5,88.3,87.6,3.32,85.2
245,19,Female,3,Engineering,6,6,6.4,3.0,,3.0,0.9,4.3,Instagram,0.7,7.1,,75.2,68.6,2.51,67.9
246,20,Male,3,Computer Science,5,3,4.6,2.0,5.0,3.0,0.6,0.9,Instagram,3.3,6.5,2.0,72.7,62.7,2.17,59.9
247,20,Female,4,Engineering,5,5,,1.0,7.0,3.9,1.8,2.3,Instagram,5.4,7.3,2.9,84.5,60.3,2.85,65.6
248,20,Male,3,Science,2,2,6.0,3.0,9.0,1.6,0.0,0.4,None,4.9,5.8,3.4,77.3,72.3,3.44,83.2
249,24,Other,1,Computer Science,5,6,5.7,3.0,4.0,3.3,0.1,4.7,TikTok,1.7,6.0,4.1,63.7,70.9,3.15,73.4
250,22,Female,2,Engineering,5,5,8.5,3.0,8.0,3.8,1.5,2.2,TikTok,0.7,5.3,4.6,99.9,78.5,2.86,74.1
251,19,Female,1,Engineering,7,7,5.6,3.0,2.0,3.1,,3.7,TikTok,3.2,4.5,2.5,69.4,63.0,2.48,60.0
252,23,Female,2,Business,7,7,5.8,2.0,5.0,1.8,2.0,3.9,Instagram,4.3,4.8,4.0,73.8,63.2,3.01,74.7
253,25,Male,2,Science,7,6,5.6,1.0,3.0,4.7,2.5,3.6,Both,2.6,4.4,1.0,77.8,47.1,1.89,46.9
254,23,Female,1,Business,2,1,8.8,5.0,8.0,,1.3,1.8,Instagram,0.9,6.3,5.1,92.5,79.4,3.87,91.1
255,18,Other,2,Computer Science,3,3,6.8,2.0,7.0,1.9,0.0,0.0,None,2.9,6.0,4.4,91.3,87.8,3.19,81.3
256,20,Female,1,Engineering,7,8,5.5,1.0,3.0,5.9,,2.9,Instagram,3.8,4.3,1.8,81.3,56.3,1.88,54.1
257,23,Female,3,Business,4,3,7.5,,7.0,2.0,0.2,2.0,Instagram,5.6,7.4,3.4,78.6,56.5,2.86,67.5
258,20,Female,4,Business,5,5,6.0,2.0,5.0,2.5,0.6,,Instagram,3.3,3.9,4.2,88.3,76.4,2.43,62.0
259,22,Male,1,Engineering,5,6,7.0,4.0,7.0,4.8,2.2,1.8,Instagram,4.8,8.4,4.0,87.2,70.9,2.97,72.7
260,22,Male,4,Arts,6,7,5.6,2.0,6.0,3.3,1.3,,Instagram,4.8,8.8,,80.9,58.0,2.13,55.8
261,19,Female,2,Science,7,7,5.4,,5.0,2.7,1.4,3.4,TikTok,1.7,,4.1,75.6,64.1,2.51,62.3
262,21,Male,1,Business,6,7,7.0,2.0,6.0,2.7,2.1,3.2,Both,4.9,7.8,4.0,,63.2,3.24,77.8
263,18,Female,1,Engineering,7,8,5.8,1.0,4.0,5.3,2.4,4.2,TikTok,3.5,6.4,,74.2,66.1,2.15,55.1
264,19,Other,2,Business,6,7,,5.0,7.0,3.7,1.8,2.9,Instagram,1.2,5.0,2.3,74.6,75.2,2.42,65.6
265,21,Male,3,Science,6,5,4.8,1.0,5.0,3.3,2.6,2.5,TikTok,6.0,6.4,3.6,70.6,62.0,2.56,60.2
266,19,Male,3,Computer Science,5,7,7.7,4.0,6.0,3.9,,3.7,Both,3.6,6.9,3.8,81.0,76.2,2.42,71.2
267,24,Female,1,Engineering,8,8,6.8,1.0,5.0,5.1,2.2,3.2,Both,0.5,5.4,3.0,78.0,55.5,2.41,54.5
268,19,Male,1,Science,5,6,6.8,2.0,6.0,1.6,0.4,2.4,Both,,3.0,3.6,83.0,58.2,2.72,57.2
269,20,Female,2,Business,8,8,7.2,2.0,4.0,4.7,3.0,6.3,Both,1.7,7.5,3.4,77.8,71.8,2.42,67.1
270,21,Male,1,Arts,5,5,,2.0,4.0,5.0,1.3,1.3,Instagram,,6.8,3.8,76.1,64.0,2.65,64.8
271,23,Female,1,Business,4,4,7.8,3.0,6.0,3.0,0.7,3.2,TikTok,2.8,5.9,2.8,88.1,81.1,2.87,79.6
272,19,Male,1,Arts,8,6,3.5,1.0,4.0,3.7,1.6,4.3,Both,3.1,5.0,0.5,66.4,44.4,1.21,39.4
273,23,Female,3,Computer Science,6,5,5.5,1.0,5.0,5.6,2.3,3.1,Instagram,,5.8,2.9,82.6,64.3,2.42,62.0
274,21,Male,4,Computer Science,8,7,4.9,1.0,3.0,4.0,,3.7,Both,3.5,,4.4,75.9,62.6,2.27,54.3
275,19,Female,2,Science,5,4,4.9,1.0,6.0,4.3,0.4,1.3,TikTok,,7.1,2.5,79.5,66.6,2.47,59.8
276,22,Male,4,Business,7,7,5.7,3.0,3.0,3.7,1.7,3.1,Both,2.1,6.3,2.8,68.8,51.4,2.0,44.4
277,21,Female,2,Computer Science,5,5,6.8,3.0,6.0,2.8,0.9,2.7,Instagram,5.3,5.2,4.0,,83.4,3.11,79.8
278,20,Female,2,Other,6,7,7.1,2.0,7.0,4.0,1.5,3.7,Both,1.7,5.2,2.3,80.4,62.8,2.41,59.2
279,21,Male,1,Computer Science,6,5,6.9,2.0,5.0,6.0,2.5,4.5,Both,4.0,6.1,3.4,81.5,78.4,2.34,66.8
280,20,Male,3,Science,5,5,5.3,1.0,6.0,2.8,0.0,3.3,Instagram,6.2,7.7,2.7,78.3,62.2,2.9,
281,21,Male,4,Engineering,5,4,6.3,3.0,7.0,4.4,1.8,3.1,Instagram,3.2,5.6,4.4,76.4,74.8,2.75,78.2
282,22,Female,3,Business,6,4,6.4,3.0,6.0,2.7,1.1,3.4,Both,4.0,,1.7,81.6,59.2,2.24,59.4
283,24,Female,2,Arts,5,6,7.7,4.0,5.0,2.3,0.9,2.9,TikTok,1.8,4.5,5.8,76.8,87.8,3.43,87.0
284,19,Female,3,Business,5,6,6.8,4.0,6.0,4.0,0.5,3.1,TikTok,3.0,6.2,2.7,80.0,80.0,2.94,70.9
285,25,Male,1,Business,6,7,7.0,4.0,7.0,5.2,1.5,3.5,Instagram,5.3,6.5,3.2,86.0,63.7,2.62,64.7
286,18,Male,4,Computer Science,5,4,4.7,2.0,4.0,3.6,0.0,3.7,Both,4.4,4.5,,80.9,60.4,2.48,64.4
287,21,Female,2,Science,5,5,5.7,2.0,5.0,,,3.7,Both,3.8,6.1,1.4,72.2,56.5,2.51,61.3
288,22,Female,2,Computer Science,4,5,5.9,3.0,6.0,3.7,0.7,1.3,Instagram,0.6,,4.1,81.1,57.1,3.12,65.0
289,21,Other,2,Science,5,6,6.1,1.0,6.0,4.6,1.7,1.6,Instagram,2.5,7.9,2.6,92.5,,2.54,61.2
290,20,Male,3,Science,4,5,6.4,3.0,6.0,3.2,0.5,2.5,TikTok,6.1,6.5,3.8,90.1,71.1,3.18,76.0
291,21,Female,1,Business,2,3,7.4,4.0,5.0,4.8,1.6,2.0,Both,3.5,6.9,3.0,88.0,97.4,2.83,81.4
292,20,Male,3,Computer Science,9,10,6.0,2.0,4.0,4.8,2.4,3.5,Instagram,4.4,4.9,1.6,81.3,,,41.9
293,20,Male,1,Engineering,4,4,6.6,2.0,7.0,,1.8,3.2,Both,3.8,6.5,2.7,98.2,73.6,2.91,65.6
294,22,Female,3,Engineering,7,8,6.4,2.0,4.0,5.7,2.2,3.7,Both,2.5,5.3,3.1,81.5,50.7,2.18,50.0
295,22,Female,4,Other,5,6,5.4,1.0,5.0,2.0,0.8,1.2,Instagram,4.3,5.9,3.4,68.4,65.6,2.41,63.5
296,20,Other,3,Engineering,7,7,5.1,1.0,3.0,5.2,1.5,3.7,TikTok,1.6,9.0,1.9,75.9,59.7,2.19,60.1
297,23,Male,2,Business,8,9,4.6,1.0,4.0,3.0,0.6,3.9,Both,1.5,5.1,1.2,77.5,64.6,1.69,52.6
298,22,Male,2,Business,5,6,5.7,3.0,5.0,5.2,1.1,2.7,Instagram,2.5,5.8,,65.1,59.7,2.62,66.6
299,22,Female,1,Business,6,5,7.3,4.0,6.0,5.6,1.7,,Instagram,3.6,7.2,3.0,87.2,52.4,2.28,54.6
300,22,Female,3,Arts,4,3,5.5,2.0,4.0,2.2,0.8,3.1,Both,1.2,4.7,3.1,,62.3,2.32,56.9
301,20,Male,1,Engineering,9,9,6.3,1.0,,5.5,,,TikTok,3.2,6.4,3.9,80.8,54.5,2.82,61.6
302,20,Male,2,Business,6,5,6.8,3.0,6.0,1.8,1.4,3.0,Both,1.9,6.4,3.4,77.9,61.0,2.4,62.2
303,22,Male,1,Science,4,4,7.3,3.0,8.0,4.1,2.0,2.8,Instagram,2.1,6.2,5.4,86.2,91.0,3.17,83.6
304,22,Female,1,Arts,8,8,5.5,1.0,5.0,5.4,2.5,3.9,Both,5.2,9.2,1.7,76.9,52.5,,51.1
305,21,Male,3,Engineering,9,10,7.2,2.0,2.0,5.8,2.4,5.7,Instagram,3.4,4.6,2.0,79.2,43.3,1.82,39.0
306,21,Male,1,Business,3,3,7.9,5.0,7.0,3.2,0.6,2.0,Instagram,1.7,7.8,3.2,,87.6,3.36,82.5
307,23,Male,3,Engineering,6,7,5.1,1.0,5.0,4.8,1.8,2.9,Both,3.7,6.9,2.7,70.3,73.7,2.39,64.6
308,20,Male,2,Science,5,5,5.4,,5.0,3.7,2.0,1.5,Instagram,1.5,7.1,2.4,75.1,48.9,2.29,51.5
309,22,Male,1,Engineering,5,7,8.0,4.0,5.0,4.2,1.8,4.0,TikTok,4.1,6.6,2.6,85.4,77.1,3.09,73.7
310,21,Female,2,Engineering,3,4,6.2,3.0,6.0,1.9,0.0,1.2,Instagram,5.3,9.3,1.4,94.8,63.8,2.92,74.4
311,21,Male,1,Computer Science,5,5,4.2,1.0,4.0,3.9,1.1,1.7,Instagram,4.1,6.3,3.9,79.8,60.7,3.19,73.3
312,23,Female,1,Science,6,4,5.3,2.0,5.0,6.4,2.3,4.0,TikTok,6.2,7.3,1.7,74.8,44.0,2.22,58.0
313,22,Male,3,Computer Science,7,8,6.0,2.0,2.0,3.4,1.0,,Both,0.6,6.7,3.8,67.1,60.3,3.02,63.0
314,22,Female,1,Other,6,8,5.5,2.0,5.0,1.9,0.9,3.4,Both,3.5,5.5,2.1,81.1,54.1,2.49,59.6
315,23,Female,4,Business,9,9,5.6,1.0,3.0,6.0,3.3,4.2,Both,1.4,6.6,2.5,65.7,51.9,2.43,55.2
316,21,Female,1,Engineering,6,6,6.7,2.0,4.0,4.5,1.2,3.0,TikTok,3.2,6.1,2.7,84.3,,2.79,74.3
317,22,Female,1,Science,4,3,8.3,3.0,7.0,2.6,1.1,4.7,Both,3.1,4.2,3.8,86.9,74.0,2.91,79.8
318,20,Male,3,Computer Science,4,2,5.8,3.0,5.0,4.7,0.9,1.9,TikTok,6.7,5.5,2.0,94.4,54.1,2.46,52.1
319,22,Male,2,Science,6,5,7.7,4.0,6.0,3.3,1.5,2.4,Instagram,3.5,6.2,4.4,77.1,70.8,2.42,63.2
320,21,Female,1,Engineering,4,6,8.2,3.0,6.0,2.1,0.4,2.6,TikTok,3.0,7.4,3.2,96.3,82.9,2.4,67.7
321,21,Other,2,Business,4,5,8.0,3.0,6.0,2.0,1.4,1.9,Instagram,4.7,4.3,4.7,94.4,80.6,3.12,77.2
322,22,Female,1,Computer Science,6,5,7.0,2.0,5.0,4.6,1.8,,Instagram,3.1,6.4,1.1,,,2.62,55.8
323,20,Female,4,Computer Science,8,8,3.7,1.0,2.0,7.0,2.5,4.2,Instagram,6.1,7.7,,65.5,41.6,1.63,45.7
324,25,Female,2,Engineering,6,8,,3.0,6.0,,1.9,3.5,TikTok,4.3,4.8,3.2,94.3,68.4,2.53,70.3
325,19,Female,3,Arts,6,5,7.1,2.0,5.0,3.4,1.7,4.9,Both,4.1,5.2,2.6,75.4,,2.77,73.8
326,19,Male,4,Engineering,9,9,5.7,2.0,4.0,5.8,2.7,3.9,TikTok,0.7,6.0,2.4,70.2,43.1,1.66,37.5
327,23,Female,2,Engineering,4,4,8.5,4.0,8.0,4.8,1.5,3.8,TikTok,,7.7,3.8,92.7,70.9,3.77,84.7
328,22,Other,4,Computer Science,4,3,6.9,4.0,4.0,4.0,0.3,,Instagram,2.7,8.2,5.6,83.6,77.6,3.18,
329,22,Male,2,Engineering,6,6,7.1,3.0,4.0,2.7,1.6,3.1,TikTok,3.1,5.4,3.4,,70.6,2.94,73.6
330,22,Female,4,Science,6,6,7.2,2.0,4.0,7.1,2.9,3.6,Instagram,2.6,4.9,2.5,73.8,62.9,2.44,61.7
331,21,Male,1,Engineering,6,5,7.0,2.0,8.0,4.2,1.5,3.2,Both,1.9,7.8,2.3,91.4,67.7,,68.5
332,19,Female,3,Computer Science,7,8,3.2,1.0,3.0,5.7,1.2,3.0,Both,1.9,4.9,3.0,62.7,,2.36,54.1
333,21,Male,2,Computer Science,6,5,5.9,1.0,6.0,5.3,2.6,2.9,Instagram,3.6,6.9,0.8,76.9,50.1,2.18,51.9
334,20,Male,2,Arts,3,3,7.6,4.0,8.0,3.1,0.0,0.5,None,1.4,8.9,,76.8,85.2,3.61,90.1
335,23,Female,3,Computer Science,7,6,5.4,1.0,3.0,1.7,,5.9,TikTok,3.1,6.4,0.7,,60.3,1.69,51.5
336,21,Male,3,Engineering,5,5,5.9,2.0,4.0,3.6,0.0,3.2,TikTok,5.1,7.5,4.0,93.9,63.7,2.52,65.2
337,20,Female,1,Business,7,6,5.4,3.0,5.0,3.6,2.3,4.3,Both,3.8,7.5,1.4,88.0,45.1,1.59,44.0
338,20,Female,1,Science,5,5,,4.0,5.0,4.3,1.5,2.7,Both,3.9,7.0,4.0,93.8,77.3,3.43,83.8
339,22,Other,3,Engineering,5,5,8.1,3.0,7.0,4.2,2.2,1.9,TikTok,2.5,7.2,3.6,81.6,88.5,3.15,81.8
340,20,Male,3,Business,5,6,5.1,1.0,4.0,4.0,1.6,2.7,TikTok,1.3,5.3,1.1,75.9,46.4,2.01,46.1
341,20,Male,4,Computer Science,5,4,6.0,2.0,6.0,4.5,0.8,2.5,Both,5.3,8.2,3.7,79.9,69.8,2.93,
342,21,Male,3,Engineering,5,7,5.4,3.0,6.0,3.7,1.5,1.3,Instagram,2.8,6.9,2.1,70.2,53.1,2.67,65.9
343,21,Other,4,Science,3,2,6.6,2.0,7.0,5.3,1.5,1.5,Instagram,3.4,4.8,4.6,83.7,84.6,3.14,81.1
344,20,Other,3,Engineering,5,5,6.6,3.0,6.0,2.4,0.4,2.6,Both,3.0,6.5,2.0,87.0,47.2,1.99,50.6
345,20,Female,1,Engineering,6,8,7.5,3.0,6.0,6.0,3.3,3.0,Both,4.4,3.9,3.1,76.8,58.6,2.24,57.6
346,21,Female,1,Computer Science,7,10,7.0,3.0,6.0,6.8,2.0,,Instagram,5.9,7.7,2.6,65.9,68.7,2.24,68.9
347,19,Female,3,Business,3,5,9.2,5.0,8.0,3.7,1.0,3.5,Instagram,5.9,6.4,3.5,86.0,80.6,3.4,82.6
348,19,Female,3,Business,6,6,4.9,1.0,4.0,,2.1,1.9,Instagram,,7.9,4.0,77.4,60.6,2.14,58.8
349,20,Male,1,Computer Science,6,7,4.7,1.0,6.0,4.8,2.2,2.5,Instagram,2.7,6.7,2.2,63.2,55.0,2.49,56.4
350,21,Female,2,Engineering,7,8,6.0,3.0,4.0,3.5,1.4,4.6,TikTok,,6.4,1.7,70.7,52.3,1.7,42.9
351,22,Male,4,Business,7,7,4.3,1.0,5.0,2.3,0.9,2.9,Both,4.9,5.3,2.4,70.9,57.7,1.99,53.3
352,24,Female,2,Science,8,7,5.0,1.0,2.0,6.6,1.9,4.1,Both,,6.8,0.1,73.1,24.8,,31.1
353,22,Female,2,Business,10,10,5.4,1.0,1.0,4.1,2.1,5.9,Both,3.8,,3.8,70.1,46.9,2.06,51.6
354,21,Female,2,Other,4,3,5.4,1.0,5.0,1.5,0.7,1.9,TikTok,2.9,7.6,1.7,82.9,54.5,2.42,50.5
355,21,Male,1,Computer Science,7,6,5.6,1.0,3.0,4.9,2.5,3.0,TikTok,1.8,4.4,2.7,72.4,62.5,2.53,65.5
356,19,Male,2,Science,4,4,6.8,4.0,5.0,4.2,1.3,2.0,TikTok,2.5,6.3,3.4,77.0,72.2,2.87,66.6
357,21,Male,2,Computer Science,5,5,5.8,3.0,6.0,3.9,1.7,0.5,None,1.5,4.9,4.3,83.7,83.9,2.95,81.3
358,21,Male,1,Engineering,8,9,6.5,2.0,4.0,4.9,2.5,2.8,Both,1.5,5.9,2.3,61.5,,,62.0
359,22,Male,3,Engineering,8,8,7.2,4.0,5.0,4.1,1.8,,TikTok,1.2,,1.7,79.4,50.4,2.17,52.0
360,20,Other,2,Engineering,6,6,5.5,3.0,4.0,4.4,1.4,3.3,TikTok,2.0,6.7,0.3,82.8,48.4,1.65,47.1
361,22,Female,4,Science,8,9,5.7,,2.0,5.5,2.1,3.5,TikTok,2.1,5.7,0.2,87.0,52.9,1.8,47.7
362,24,Male,4,Business,2,2,6.5,2.0,8.0,2.8,0.5,,Both,4.3,3.6,3.6,,89.8,3.57,90.1
363,21,Male,1,Arts,4,4,4.5,1.0,4.0,6.6,1.2,1.9,TikTok,3.9,5.9,4.1,75.7,71.0,2.72,64.3
364,22,Male,3,Computer Science,8,8,3.6,1.0,3.0,5.1,1.5,4.3,TikTok,4.0,,0.0,69.2,29.6,1.69,35.7
365,22,Female,2,Business,4,4,6.9,4.0,6.0,,0.2,1.3,TikTok,5.4,6.5,5.5,86.1,68.1,3.51,82.1
366,20,Female,4,Business,8,7,6.4,2.0,4.0,,3.7,4.3,Instagram,3.2,7.6,3.4,79.8,45.0,2.29,47.1
367,21,Other,1,Engineering,5,5,8.9,4.0,6.0,2.6,0.0,2.4,Both,2.4,6.2,2.1,89.2,70.9,2.96,75.4
368,21,Female,3,Engineering,6,7,6.3,2.0,6.0,4.1,0.7,4.6,TikTok,6.4,7.9,1.3,79.5,58.7,2.29,50.8
369,21,Other,3,Business,5,5,7.1,4.0,6.0,5.4,2.0,3.2,Instagram,5.1,6.8,2.0,83.6,58.3,,60.1
370,20,Female,1,Science,7,6,6.4,,5.0,2.7,2.3,2.1,TikTok,3.3,6.0,2.8,82.7,70.0,2.32,62.3
371,21,Male,1,Computer Science,4,5,7.0,4.0,5.0,3.3,0.7,1.9,Instagram,3.2,5.8,3.2,76.1,70.0,2.87,71.6
372,22,Other,3,Engineering,6,7,8.1,3.0,8.0,3.9,1.9,3.7,Instagram,3.8,4.9,3.0,,63.0,3.0,67.6
373,23,Male,3,Engineering,8,9,4.0,1.0,2.0,6.4,2.2,2.4,Both,3.5,7.7,1.2,72.8,52.7,1.21,38.3
374,23,Female,2,Business,4,5,7.0,2.0,,4.1,1.4,2.5,Instagram,3.5,5.8,3.5,77.7,81.1,3.1,83.0
375,25,Male,3,Engineering,6,5,8.8,4.0,6.0,3.1,3.1,3.5,Both,4.5,7.0,4.3,62.6,73.4,3.28,82.2
376,20,Female,2,Engineering,7,7,6.6,4.0,8.0,2.9,0.0,2.6,Both,2.4,5.4,2.4,85.8,62.9,2.15,56.3
377,22,Female,3,Arts,7,9,8.0,3.0,5.0,2.7,2.3,3.6,TikTok,1.0,4.1,2.2,78.0,64.7,2.33,59.7
378,21,Female,1,Engineering,7,7,6.0,1.0,3.0,5.4,2.4,4.3,TikTok,,5.8,3.1,64.4,,1.99,60.7
379,25,Female,4,Business,8,6,6.2,,5.0,7.7,2.3,2.6,Both,4.8,5.7,2.2,81.6,52.9,2.0,59.1
380,20,Male,1,Science,7,7,6.6,2.0,5.0,4.9,0.9,3.8,Both,1.3,5.0,2.9,73.9,51.8,2.42,56.6
381,20,Male,2,Engineering,7,7,3.9,,4.0,4.2,1.5,2.4,Both,3.9,4.9,1.7,64.8,53.4,2.71,66.8
382,20,Male,1,Science,7,6,5.3,1.0,3.0,3.5,1.7,3.6,TikTok,1.7,5.0,3.1,74.9,60.1,,63.4
383,18,Male,1,Computer Science,7,8,5.2,2.0,4.0,5.2,1.3,3.0,TikTok,2.3,5.9,3.4,73.3,61.3,2.09,56.0
384,20,Female,2,Science,5,6,7.2,4.0,6.0,5.2,2.0,2.0,Both,2.2,5.8,4.5,77.7,76.0,3.18,75.6
385,20,Male,1,Computer Science,5,4,7.5,2.0,6.0,4.5,2.3,2.7,Instagram,3.6,7.3,2.5,78.8,54.4,2.86,66.5
386,21,Other,4,Engineering,7,9,6.3,2.0,3.0,2.9,1.0,4.6,Both,1.5,5.5,1.8,67.9,55.7,1.63,44.7
387,22,Female,1,Computer Science,6,7,7.6,4.0,5.0,2.3,0.8,3.3,Instagram,2.7,9.7,3.8,85.9,68.4,2.7,66.5
388,24,Female,2,Engineering,4,2,6.5,2.0,7.0,2.9,0.0,0.7,None,4.2,7.4,3.3,75.9,,2.83,72.2
389,23,Male,2,Arts,4,5,7.9,4.0,7.0,3.1,1.1,2.2,Both,1.6,3.8,3.6,79.6,72.3,2.96,72.5
390,20,Female,1,Business,5,6,6.6,2.0,7.0,4.9,2.2,4.1,Both,5.2,6.1,1.9,83.9,61.7,2.57,61.7
391,19,Other,1,Computer Science,6,7,6.6,4.0,5.0,4.5,0.9,3.0,Instagram,1.3,5.5,4.1,86.7,72.8,2.71,68.9
392,22,Female,2,Science,5,5,6.2,1.0,6.0,5.4,3.4,1.5,Instagram,3.3,5.8,4.1,81.3,72.3,2.58,65.6
393,19,Female,2,Engineering,5,6,7.0,2.0,5.0,5.7,2.5,3.4,Instagram,4.5,6.5,2.9,87.3,76.5,2.66,72.6
394,24,Female,2,Engineering,6,6,6.2,2.0,5.0,5.2,1.4,2.9,TikTok,1.6,5.0,1.9,77.3,63.4,2.16,58.4
395,23,Male,2,Computer Science,5,5,7.6,3.0,,4.7,1.7,3.9,TikTok,3.1,6.3,2.3,89.4,65.9,,65.8
396,20,Female,2,Business,4,3,5.1,2.0,4.0,4.1,0.9,2.1,Both,3.7,4.2,3.0,,,2.46,59.3
397,18,Male,1,Computer Science,6,4,5.2,1.0,5.0,3.4,0.4,2.2,TikTok,2.7,7.6,2.7,,64.4,2.28,
398,23,Male,2,Engineering,5,6,7.3,2.0,6.0,4.8,2.3,2.2,Instagram,3.3,4.5,2.3,83.2,62.7,2.52,61.5
399,21,Male,4,Science,4,4,5.8,2.0,6.0,4.7,1.2,0.6,None,4.5,6.7,2.0,83.9,62.7,3.04,72.1
400,23,Male,2,Engineering,5,2,6.1,3.0,,4.6,0.4,2.0,Both,2.8,5.4,3.0,83.1,56.6,2.78,61.2
401,18,Male,3,Other,4,4,6.9,3.0,7.0,4.1,0.6,2.7,TikTok,4.6,6.9,,86.3,,2.85,85.2
402,20,Male,2,Arts,6,7,5.7,2.0,6.0,3.4,1.1,2.7,Both,3.9,6.2,2.6,74.1,79.5,2.53,75.4
403,21,Other,3,Other,6,5,5.9,2.0,5.0,3.7,1.4,1.6,Instagram,2.7,6.6,2.5,77.1,56.7,2.1,59.2
404,21,Female,3,Science,3,2,7.7,3.0,8.0,4.3,1.9,0.4,None,5.4,8.6,2.8,100.0,80.3,3.15,75.8
405,20,Other,2,Arts,6,6,8.0,3.0,3.0,15.9,0.8,2.5,TikTok,2.2,6.9,2.5,83.5,73.9,2.94,66.6
406,22,Male,4,Arts,4,1,,4.0,8.0,2.4,0.4,,Both,5.3,6.8,4.7,75.6,76.6,2.75,71.1
407,19,Male,1,Science,5,4,6.2,2.0,5.0,2.2,0.8,2.9,Both,2.8,6.6,1.3,77.3,39.5,2.03,
408,21,Female,1,Computer Science,6,6,8.0,3.0,6.0,3.1,0.1,4.2,TikTok,2.7,8.1,4.8,82.0,81.8,3.04,78.1
409,21,Male,3,Other,6,5,5.1,2.0,5.0,3.5,,,Both,3.1,7.3,2.6,74.8,,2.22,55.6
410,22,Male,3,Computer Science,6,5,5.2,1.0,5.0,4.9,0.8,1.6,TikTok,4.0,6.3,0.9,76.4,,2.14,47.1
411,22,Female,1,Arts,7,6,4.1,1.0,4.0,,0.2,,Instagram,0.3,7.1,2.3,70.4,53.4,1.91,48.0
412,19,Male,1,Science,4,2,8.3,4.0,8.0,4.2,1.5,3.1,TikTok,4.1,6.8,4.0,91.6,,2.71,76.1
413,18,Female,1,Science,8,7,5.5,1.0,4.0,3.4,1.3,3.1,Both,3.2,5.0,1.4,74.1,47.1,2.11,48.4
414,23,Female,1,Other,2,3,6.7,4.0,7.0,3.8,0.4,0.0,None,4.1,6.8,4.9,,100.0,3.02,
415,22,Male,3,Engineering,3,5,5.2,3.0,6.0,3.4,1.3,1.6,Instagram,4.4,5.0,2.6,73.8,72.9,2.79,68.4
416,20,Male,2,Arts,7,7,7.1,3.0,4.0,4.8,3.0,3.5,Both,3.8,3.4,3.3,77.1,71.3,2.45,71.5
417,24,Female,2,Arts,9,10,6.2,1.0,2.0,7.0,,4.5,Both,0.2,3.9,1.7,71.9,48.2,2.49,58.4
418,21,Male,2,Arts,8,7,5.0,2.0,3.0,3.9,0.0,3.1,Both,2.0,6.0,1.5,71.7,,1.81,50.6
419,23,Male,1,Other,5,3,7.3,2.0,7.0,4.6,2.2,3.6,TikTok,3.6,6.3,4.4,79.0,63.2,3.11,72.2
420,21,Other,1,Science,5,7,5.1,3.0,6.0,,0.7,2.0,TikTok,4.1,4.9,3.6,75.2,62.9,2.82,62.5
421,25,Male,3,Science,7,6,5.5,1.0,4.0,5.7,1.8,3.4,Both,2.2,3.0,1.0,68.2,56.7,2.04,
422,24,Female,4,Engineering,8,9,3.8,2.0,4.0,4.5,0.7,3.0,Instagram,4.8,8.3,2.1,76.6,48.5,1.98,53.7
423,21,Other,4,Business,8,8,4.3,1.0,2.0,5.0,1.4,3.3,TikTok,3.2,6.2,3.9,57.7,49.1,1.99,54.7
424,23,Male,1,Science,5,6,7.0,3.0,,3.6,1.5,2.8,Instagram,4.6,8.4,4.5,75.3,70.2,3.01,75.2
425,22,Male,4,Science,7,8,3.8,1.0,2.0,3.1,1.3,3.3,Instagram,5.0,8.3,0.9,75.2,40.0,1.35,36.7
426,23,Male,3,Computer Science,5,5,4.7,2.0,,4.7,0.4,2.3,Both,4.1,7.4,4.3,81.3,70.6,2.9,71.6
427,19,Male,3,Other,7,7,6.0,1.0,5.0,4.3,1.1,3.6,TikTok,4.1,6.3,3.4,66.3,55.1,3.32,72.2
428,22,Male,2,Engineering,7,8,5.9,2.0,5.0,3.1,1.5,3.0,Both,2.6,5.5,1.1,78.9,61.3,2.06,50.2
429,23,Female,2,Science,7,7,8.8,,6.0,4.2,1.8,3.2,Instagram,4.7,7.3,3.3,84.7,69.0,2.89,73.0
430,18,Male,2,Computer Science,6,8,8.2,4.0,7.0,4.6,2.0,4.2,Both,3.8,,3.5,86.7,60.1,,58.4
431,19,Female,1,Engineering,6,5,5.5,1.0,6.0,3.0,0.6,2.5,Instagram,3.1,,1.2,77.1,64.4,1.89,62.7
432,18,Other,1,Engineering,6,6,7.0,3.0,6.0,3.9,1.7,2.3,Both,1.6,,3.6,81.3,68.1,2.88,69.2
433,21,Female,1,Engineering,5,6,7.5,2.0,7.0,5.9,2.1,3.8,Both,2.6,5.7,5.6,85.7,86.9,2.8,78.3
434,22,Female,2,Business,7,6,5.8,,5.0,5.3,2.2,1.8,Instagram,1.8,,3.9,76.9,67.1,2.26,61.8
435,24,Male,3,Engineering,6,7,4.7,1.0,4.0,6.4,1.4,,TikTok,4.5,8.2,2.6,77.8,62.1,2.53,60.3
436,21,Female,2,Other,6,7,,3.0,5.0,5.4,1.5,3.6,Instagram,4.9,6.5,2.3,79.8,57.7,2.72,64.9
437,24,Female,1,Business,6,9,6.7,3.0,4.0,4.5,1.9,,Both,4.4,5.1,2.9,80.0,66.5,2.58,66.6
438,19,Male,4,Business,4,6,5.3,3.0,6.0,4.3,0.2,0.8,TikTok,7.3,8.7,2.2,85.9,62.7,,69.4
439,18,Male,4,Engineering,6,6,,1.0,5.0,4.4,1.5,3.0,Both,2.7,6.0,2.3,83.0,62.8,2.39,63.7
440,21,Female,3,Business,5,7,,2.0,5.0,6.7,1.6,,TikTok,4.6,6.4,0.7,92.5,52.5,1.85,49.7
441,22,Male,4,Arts,7,8,4.7,1.0,3.0,4.2,2.0,2.8,TikTok,1.8,4.1,2.7,74.8,53.9,,50.4
442,21,Male,2,Computer Science,6,6,6.5,2.0,3.0,4.5,1.5,,Instagram,3.0,8.4,2.2,81.2,49.2,2.46,53.2
443,18,Male,4,Computer Science,6,4,6.1,2.0,5.0,,0.9,2.4,Instagram,2.0,6.9,3.5,84.7,66.6,2.52,70.4
444,21,Male,1,Business,6,5,5.4,2.0,5.0,2.8,0.7,2.8,TikTok,4.1,7.4,2.4,79.8,60.9,1.84,52.9
445,19,Female,2,Computer Science,4,4,7.3,4.0,7.0,3.7,1.6,2.1,Both,3.0,5.3,,77.8,81.5,3.15,87.2
446,22,Female,1,Computer Science,5,5,4.8,2.0,4.0,,1.2,1.1,Instagram,0.6,6.0,2.8,69.7,65.6,2.01,54.3
447,22,Female,1,Computer Science,8,8,6.1,1.0,4.0,,1.5,5.0,Both,2.0,5.3,1.0,84.5,42.5,1.89,52.8
448,19,Male,1,Engineering,4,5,6.2,3.0,7.0,0.6,0.8,3.0,TikTok,6.0,7.8,4.8,80.6,71.0,3.29,73.8
449,20,Male,3,Engineering,4,5,5.4,1.0,6.0,3.7,1.1,1.6,Instagram,4.3,8.3,2.1,85.3,65.8,2.43,61.5
450,19,Female,3,Engineering,6,5,5.4,1.0,6.0,2.4,0.9,3.5,Both,4.6,4.6,1.9,71.3,50.2,2.37,56.7
451,21,Male,2,Arts,5,6,8.5,3.0,7.0,4.0,2.0,3.3,TikTok,3.4,4.8,2.3,94.1,63.9,2.52,66.9
452,23,Male,1,Science,7,6,5.9,2.0,5.0,4.6,,,Both,3.1,7.0,1.0,72.3,44.0,2.62,58.2
453,19,Female,3,Science,6,5,8.7,4.0,6.0,4.2,3.2,4.2,Instagram,3.2,5.3,3.3,84.5,67.5,2.75,61.4
454,22,Male,3,Computer Science,7,8,6.7,2.0,6.0,3.9,2.7,2.6,Both,,7.3,1.3,76.4,58.2,,57.6
455,20,Female,2,Computer Science,4,3,6.4,3.0,7.0,,0.2,1.1,Instagram,2.4,5.9,3.1,85.5,55.9,2.44,54.7
456,20,Male,3,Computer Science,5,4,6.6,2.0,6.0,3.2,1.2,2.6,Instagram,4.7,5.1,3.5,83.9,80.1,3.04,73.1
457,21,Male,1,Science,4,5,9.4,5.0,7.0,1.2,0.6,1.9,TikTok,5.0,4.7,3.5,97.6,77.7,3.04,76.8
458,19,Male,2,Arts,8,9,5.1,2.0,3.0,2.0,,3.8,Both,3.0,,0.0,75.7,35.6,1.25,25.9
459,20,Other,4,Science,8,8,4.6,1.0,2.0,4.4,2.1,3.4,Instagram,3.5,6.7,3.3,72.5,63.0,1.91,58.2
460,19,Female,1,Engineering,7,5,5.7,1.0,3.0,4.8,2.0,3.6,TikTok,1.6,6.8,2.3,77.6,54.8,,
461,24,Other,2,Engineering,4,3,6.7,2.0,8.0,3.4,1.9,1.6,Instagram,5.7,7.5,3.6,90.6,66.6,3.06,77.7
462,21,Female,4,Science,6,8,4.0,1.0,4.0,4.7,1.8,1.0,Instagram,2.9,2.0,2.2,,43.3,2.94,56.2
463,20,Male,3,Science,5,6,6.1,3.0,6.0,3.5,,3.3,Both,,6.9,3.7,78.0,75.3,3.57,79.5
464,21,Female,1,Computer Science,3,4,8.5,5.0,9.0,4.5,1.4,3.5,Both,2.4,4.1,4.8,99.2,92.8,3.27,90.5
465,21,Male,1,Engineering,6,6,6.8,,5.0,1.9,,3.4,Instagram,2.7,3.7,3.8,83.8,66.1,2.97,74.4
466,21,Female,1,Arts,7,7,6.3,1.0,4.0,5.7,1.0,3.4,TikTok,2.0,,2.6,77.9,68.6,1.93,62.2
467,22,Male,3,Business,5,6,5.6,2.0,5.0,1.2,0.0,1.1,TikTok,2.1,3.8,1.5,72.6,,1.64,52.3
468,22,Female,2,Science,3,4,7.5,4.0,,3.5,1.7,1.0,Instagram,4.5,7.2,4.3,77.1,90.9,3.28,86.8
469,20,Male,1,Business,7,7,5.7,1.0,4.0,6.1,3.0,3.2,Both,2.0,4.9,2.4,71.8,49.0,2.34,52.7
470,20,Male,4,Science,2,1,7.9,5.0,9.0,4.0,1.4,2.5,Instagram,4.5,4.7,3.6,88.8,73.6,3.51,84.0
471,21,Female,2,Business,3,1,8.5,5.0,8.0,3.4,0.0,1.8,Instagram,3.7,6.6,3.2,88.4,74.1,,79.1
472,18,Female,1,Science,2,1,6.7,4.0,8.0,2.4,0.2,0.2,None,4.7,5.8,4.4,94.8,81.5,3.25,81.8
473,18,Male,2,Engineering,5,6,6.1,3.0,5.0,2.1,0.9,3.2,Instagram,2.6,7.1,2.7,89.5,74.3,2.56,67.3
474,23,Male,3,Engineering,3,2,7.4,4.0,,0.8,0.0,2.9,Both,5.4,8.5,3.3,96.9,79.4,3.37,83.0
475,24,Male,1,Business,4,5,8.1,4.0,8.0,6.5,2.1,3.4,TikTok,3.1,5.8,5.3,82.7,79.1,3.66,90.3
476,21,Female,1,Computer Science,4,6,5.8,1.0,5.0,4.1,2.0,2.1,Instagram,,8.9,3.7,88.7,72.8,2.75,69.3
477,22,Female,3,Science,7,7,5.7,3.0,4.0,2.8,0.5,2.8,Both,1.2,7.3,2.8,69.7,55.0,2.28,54.4
478,22,Other,2,Arts,4,4,5.0,1.0,6.0,6.2,1.8,1.3,Instagram,6.9,7.6,4.3,71.5,67.1,3.22,74.0
479,26,Female,2,Arts,7,8,7.2,2.0,5.0,5.6,3.6,6.0,TikTok,2.5,7.4,2.7,77.3,60.3,2.46,56.9
480,23,Male,2,Other,8,8,7.3,4.0,5.0,5.9,3.4,4.0,TikTok,3.4,5.2,1.6,84.9,51.6,1.98,52.8
481,21,Female,1,Computer Science,6,6,5.2,1.0,,4.7,3.3,0.7,None,2.8,4.2,2.0,73.3,,2.22,53.8
482,19,Male,1,Business,3,2,6.0,3.0,6.0,1.7,0.7,2.5,Instagram,1.0,3.8,4.0,87.3,71.5,3.04,73.9
483,18,Male,2,Arts,9,8,4.7,1.0,2.0,8.2,3.6,3.4,Both,2.8,5.2,2.2,63.7,53.0,1.65,47.7
484,21,Female,1,Computer Science,5,6,5.7,1.0,6.0,5.3,0.7,1.8,TikTok,3.0,7.0,3.2,83.4,70.1,2.27,57.6
485,20,Male,1,Science,4,3,7.2,3.0,8.0,3.9,0.3,1.6,Instagram,3.9,5.2,2.1,83.8,73.9,3.29,83.4
486,19,Other,4,Science,6,7,4.9,3.0,5.0,5.4,1.9,1.9,TikTok,5.1,6.0,3.5,87.1,62.3,2.62,62.3
487,20,Female,4,Engineering,7,7,5.5,2.0,5.0,3.9,0.6,2.9,TikTok,4.0,4.9,2.3,73.3,47.4,2.52,54.7
488,19,Female,3,Computer Science,7,7,4.2,1.0,3.0,3.8,2.1,2.9,Both,3.5,5.5,2.6,68.4,50.0,2.21,56.0
489,24,Female,4,Computer Science,1,2,6.3,3.0,8.0,3.3,0.5,1.1,Instagram,3.9,8.3,3.3,99.3,88.6,3.46,89.6
490,22,Female,1,Engineering,6,5,6.7,3.0,,3.8,1.8,3.3,TikTok,,,4.8,72.9,61.2,2.77,72.6
491,21,Female,4,Business,8,7,5.1,1.0,3.0,1.8,2.2,3.5,TikTok,1.5,4.9,2.3,71.2,62.5,2.14,54.1
492,24,Female,1,Business,6,7,6.7,,5.0,5.1,1.4,2.7,TikTok,1.1,7.1,2.2,73.6,51.7,2.01,47.6
493,21,Male,4,Engineering,7,5,6.1,3.0,4.0,4.7,1.6,5.0,Both,2.9,5.7,3.0,81.7,66.9,1.9,52.0
494,20,Female,4,Other,6,6,4.9,1.0,5.0,2.8,1.8,3.1,Instagram,1.1,5.8,,81.7,55.9,2.22,
495,24,Male,3,Engineering,7,8,4.8,1.0,2.0,4.1,2.0,2.9,Both,2.7,7.4,2.8,68.0,51.8,1.81,47.2
496,22,Female,4,Engineering,5,6,8.0,5.0,,4.2,0.6,,TikTok,1.3,5.1,-0.6,86.1,51.5,,48.3
497,19,Female,2,Business,6,8,5.5,3.0,5.0,4.4,1.7,3.0,Both,4.0,7.5,3.7,81.7,80.1,2.7,73.0
498,21,Female,1,Arts,6,6,6.5,3.0,4.0,2.0,1.4,2.9,Instagram,3.8,7.3,2.2,80.4,64.7,1.95,52.3
499,20,Male,2,Engineering,5,6,7.4,4.0,8.0,2.4,1.2,2.1,Both,3.2,6.2,3.3,93.1,75.9,3.06,81.7
500,19,Male,2,Arts,4,3,10.0,5.0,6.0,6.4,1.9,2.8,Both,1.0,4.0,1.7,98.9,67.2,,71.5
501,23,Female,1,Business,4,3,5.4,3.0,6.0,2.7,0.1,1.4,TikTok,3.1,6.5,2.4,75.1,57.5,2.15,53.4
502,24,Male,3,Engineering,5,6,6.9,3.0,7.0,4.1,,1.5,TikTok,4.0,8.0,2.8,90.6,,2.78,62.8
503,19,Male,4,Engineering,6,6,5.0,2.0,4.0,4.5,0.0,0.9,TikTok,5.0,8.0,3.2,80.5,53.6,3.04,60.2
504,22,Male,1,Business,8,8,,3.0,4.0,3.1,1.1,4.8,TikTok,5.8,8.4,1.2,78.1,47.5,1.97,46.4
505,20,Other,3,Science,7,6,5.3,2.0,4.0,4.6,1.7,,Both,5.5,6.2,0.5,74.8,36.5,2.15,44.9
506,20,Female,4,Other,4,4,4.6,1.0,6.0,1.4,1.0,2.5,Instagram,4.1,7.4,3.1,70.0,67.2,3.31,78.3
507,20,Male,4,Computer Science,3,4,5.8,2.0,,2.4,0.6,2.0,TikTok,3.0,5.1,3.2,85.3,58.4,2.36,53.5
508,20,Male,4,Other,7,8,4.2,1.0,3.0,4.5,1.3,3.8,Instagram,2.4,6.0,1.1,,35.9,1.55,39.0
509,21,Male,2,Engineering,4,3,7.4,3.0,8.0,2.4,0.1,2.3,Both,5.4,8.2,3.6,100.0,69.7,3.23,78.0
510,20,Female,4,Other,5,6,5.9,3.0,5.0,3.0,0.0,2.3,TikTok,4.1,,,76.1,60.2,2.9,69.3
511,21,Female,3,Science,4,3,6.6,2.0,7.0,4.9,1.3,1.3,Instagram,4.6,7.0,4.1,74.4,71.6,,75.2
512,21,Male,1,Science,4,4,6.1,,6.0,3.6,0.4,2.6,Instagram,2.6,5.7,2.8,74.0,74.9,3.34,75.6
513,21,Male,2,Engineering,8,7,6.0,2.0,4.0,5.3,2.4,3.0,Both,1.5,4.5,1.8,82.2,63.0,2.02,58.0
514,19,Male,3,Engineering,7,7,6.3,2.0,3.0,4.3,1.6,2.6,Instagram,2.7,5.8,3.6,73.0,61.4,1.95,60.6
515,20,Female,1,Arts,5,4,5.3,3.0,4.0,3.2,1.3,3.3,Instagram,3.0,,1.8,86.9,48.3,2.76,64.7
516,22,Female,3,Business,2,1,5.8,3.0,8.0,2.0,0.5,0.5,None,4.1,6.5,4.1,86.7,87.6,3.03,87.7
517,22,Male,3,Engineering,7,7,5.3,1.0,4.0,6.3,2.3,3.7,Instagram,2.4,3.6,2.0,66.9,,2.22,50.1
518,19,Male,1,Arts,8,9,5.5,2.0,5.0,5.0,1.6,3.1,Both,3.5,4.6,5.4,85.8,63.0,2.21,56.7
519,21,Male,2,Engineering,6,7,,1.0,5.0,3.2,1.5,1.7,TikTok,5.2,7.9,2.7,83.9,45.9,2.14,41.2
520,22,Other,3,Business,6,4,7.7,3.0,,4.9,2.3,2.9,Both,0.8,6.5,1.9,78.2,67.7,1.93,52.6
521,18,Male,2,Science,7,8,5.4,1.0,3.0,2.6,1.6,3.1,Both,0.2,5.0,4.1,77.8,69.2,1.92,55.8
522,22,Female,1,Computer Science,5,5,8.0,4.0,7.0,3.9,1.9,3.3,Instagram,5.0,6.6,4.3,87.1,89.5,3.17,82.6
523,20,Female,1,Computer Science,5,4,7.7,5.0,7.0,3.8,0.7,1.9,TikTok,,6.2,3.3,85.1,68.2,2.92,68.1
524,22,Male,2,Business,7,6,5.1,2.0,4.0,4.2,1.4,3.4,Instagram,2.8,6.5,1.5,84.6,45.5,1.86,47.2
525,20,Male,4,Science,9,9,4.6,1.0,3.0,4.3,1.6,5.2,Instagram,4.2,6.3,0.0,59.4,31.3,1.14,
526,18,Male,1,Science,1,1,9.2,5.0,9.0,2.2,0.7,2.0,Instagram,3.3,4.8,5.0,93.5,84.9,3.39,84.9
527,18,Female,3,Computer Science,6,6,7.8,3.0,5.0,2.7,1.4,1.9,Instagram,3.1,3.4,2.5,82.1,75.2,2.7,73.7
528,21,Female,1,Science,5,5,6.6,,4.0,5.7,2.1,4.5,Both,,4.6,1.7,83.4,86.0,2.46,70.9
529,21,Female,2,Engineering,8,6,6.7,1.0,4.0,7.5,3.2,5.8,TikTok,6.5,6.2,2.8,70.4,51.9,2.59,62.8
530,19,Female,4,Engineering,7,7,5.0,1.0,5.0,5.6,2.5,3.6,Both,6.0,7.9,3.9,82.3,68.1,3.03,68.1
531,22,Male,3,Business,5,4,6.7,3.0,5.0,,0.7,2.0,Instagram,2.4,6.4,2.7,73.2,64.0,2.74,65.4
532,18,Other,1,Business,8,10,5.6,1.0,4.0,6.8,2.9,3.8,Instagram,4.4,6.9,2.7,65.8,57.7,2.36,59.5
533,21,Female,2,Computer Science,5,5,4.2,1.0,5.0,2.7,1.1,1.9,Instagram,4.0,5.5,2.6,74.8,68.4,3.06,66.1
534,19,Male,1,Engineering,6,7,5.0,2.0,5.0,5.3,1.6,3.3,Both,3.4,6.0,2.5,88.1,51.3,2.25,52.3
535,20,Other,2,Science,3,4,6.3,3.0,6.0,,0.6,1.1,TikTok,2.2,,2.6,100.0,68.5,3.42,80.3
536,21,Female,3,Computer Science,8,8,4.9,1.0,4.0,3.5,1.6,2.7,TikTok,,5.5,1.7,75.1,57.7,2.38,57.1
537,20,Female,1,Computer Science,5,5,6.5,3.0,7.0,3.5,1.3,1.1,Instagram,3.2,5.3,1.8,79.5,64.7,2.36,55.2
538,20,Female,1,Science,6,5,5.4,3.0,5.0,2.6,0.2,2.7,Instagram,2.8,5.8,1.0,77.0,53.9,2.28,52.5
539,23,Female,2,Business,8,6,5.7,1.0,3.0,,2.2,3.2,Both,2.1,6.6,2.6,73.9,58.3,2.05,49.8
540,20,Female,4,Science,6,6,6.8,2.0,5.0,2.7,1.6,1.9,TikTok,5.5,5.9,2.5,91.4,67.7,2.2,62.5
541,22,Male,4,Other,9,9,6.3,2.0,4.0,3.6,1.8,3.8,Instagram,2.1,5.5,1.0,63.1,52.6,1.79,48.7
542,19,Male,1,Engineering,7,7,6.5,1.0,4.0,,2.6,2.7,Both,2.0,,1.1,83.3,57.3,1.62,42.5
543,22,Other,3,Other,5,5,7.2,4.0,6.0,4.4,1.3,3.2,TikTok,4.7,5.8,1.5,74.9,59.8,2.6,56.9
544,23,Male,2,Arts,5,4,7.1,1.0,5.0,2.9,2.3,3.3,Instagram,3.1,6.1,0.9,79.1,59.7,2.55,59.5
545,18,Male,2,Business,4,4,7.8,5.0,7.0,,0.0,1.6,TikTok,3.2,6.3,3.8,86.0,76.1,2.97,75.2
546,20,Male,3,Engineering,10,10,5.6,1.0,4.0,4.2,3.6,6.2,Both,4.6,5.6,,72.5,29.6,,33.2
547,22,Male,4,Business,7,8,5.5,1.0,5.0,4.8,3.1,4.2,TikTok,5.2,8.4,2.8,76.5,57.8,2.46,61.0
548,21,Female,4,Science,7,7,4.5,2.0,3.0,2.9,0.9,1.8,Instagram,1.0,6.2,2.7,71.1,54.9,2.32,57.7
549,22,Other,2,Engineering,7,6,6.0,3.0,4.0,3.1,0.0,4.3,Instagram,3.1,,2.1,75.9,42.6,2.24,51.8
550,20,Male,2,Arts,6,6,7.4,3.0,4.0,1.6,1.6,4.6,Both,1.5,7.2,2.8,69.4,69.9,2.43,59.9
551,21,Male,3,Other,4,3,7.6,3.0,6.0,3.5,0.3,2.5,Both,,6.5,3.3,89.1,81.0,3.14,78.6
552,21,Male,1,Business,5,5,7.7,3.0,5.0,3.3,1.3,2.8,Both,3.5,5.8,3.4,89.4,76.2,2.91,78.1
553,23,Female,2,Arts,7,8,4.6,1.0,4.0,4.5,2.4,3.0,Instagram,2.5,7.6,2.2,80.4,60.4,,44.9
554,21,Female,2,Engineering,4,3,7.6,5.0,7.0,4.7,1.1,3.2,Instagram,1.7,4.8,4.8,96.2,81.4,3.04,75.5
555,22,Male,3,Science,5,5,4.2,1.0,4.0,6.0,2.0,2.4,Instagram,2.2,8.1,4.1,77.4,64.7,2.44,60.9
556,20,Female,1,Engineering,4,3,7.6,4.0,7.0,3.5,1.7,2.4,TikTok,4.7,6.8,5.0,96.2,90.9,3.36,85.3
557,20,Female,1,Arts,5,4,6.2,2.0,5.0,3.7,1.9,3.1,Both,5.5,7.9,1.8,82.7,52.6,2.54,59.1
558,20,Female,4,Other,7,9,6.6,2.0,3.0,3.5,1.4,3.7,Both,0.6,9.0,3.4,65.0,54.6,1.85,48.0
559,22,Other,1,Arts,6,7,5.3,1.0,3.0,2.1,0.4,3.0,TikTok,2.8,6.2,2.8,81.9,64.5,1.95,48.8
560,20,Male,2,Engineering,5,5,7.6,2.0,6.0,3.5,2.6,2.6,Both,4.1,6.4,2.6,89.3,70.7,2.47,69.9
561,21,Female,1,Science,5,5,5.0,2.0,5.0,,1.4,2.3,Both,3.1,5.0,1.5,77.5,63.4,2.25,61.3
562,25,Female,1,Business,5,3,6.2,3.0,7.0,2.5,0.7,2.7,Instagram,1.5,5.6,2.3,78.3,50.3,2.73,60.7
563,22,Female,1,Science,6,5,5.6,2.0,4.0,5.3,2.6,3.0,Both,2.5,4.7,1.2,79.4,52.5,1.65,46.0
564,20,Female,1,Computer Science,8,7,4.6,2.0,3.0,7.1,2.7,3.4,TikTok,4.1,6.1,0.0,69.1,30.7,1.47,32.8
565,23,Female,4,Computer Science,5,5,6.2,2.0,6.0,3.7,1.3,1.6,Instagram,3.2,9.9,3.7,83.2,76.9,2.74,69.6
566,20,Female,1,Arts,6,6,8.6,3.0,6.0,5.2,3.6,3.5,Instagram,3.0,6.1,3.1,77.5,78.5,2.51,63.2
567,18,Male,4,Science,6,6,8.6,5.0,7.0,3.6,1.4,3.8,TikTok,3.6,5.4,3.4,78.9,73.9,,78.5
568,19,Female,2,Engineering,5,6,6.3,2.0,,4.1,1.5,2.8,TikTok,2.5,5.8,3.9,71.5,66.6,2.95,70.6
569,18,Other,2,Engineering,4,4,7.4,,6.0,3.0,0.7,3.0,Instagram,,6.0,3.2,100.0,68.3,2.75,62.8
570,20,Other,2,Science,6,5,6.6,3.0,5.0,4.4,2.6,2.4,Instagram,3.0,7.5,3.7,79.4,64.9,2.76,63.6
571,21,Male,2,Science,5,5,6.9,3.0,6.0,1.4,0.7,2.9,Both,2.0,5.8,2.2,88.8,58.3,2.47,61.3
572,24,Male,3,Arts,6,7,,2.0,7.0,5.2,2.0,2.9,Both,6.5,8.9,,74.0,,2.14,55.5
573,22,Male,1,Arts,5,5,6.9,3.0,6.0,2.4,0.9,3.1,Both,3.4,5.8,2.9,81.0,62.0,2.66,61.9
574,21,Female,2,Engineering,6,4,7.0,4.0,5.0,5.1,1.0,1.1,Instagram,0.0,5.5,5.4,80.5,67.2,3.0,67.7
575,22,Female,4,Science,13,5,5.3,2.0,7.0,4.1,2.0,2.1,Instagram,5.6,5.9,4.5,92.4,79.6,3.44,81.2
576,18,Male,4,Engineering,7,7,5.6,1.0,5.0,3.5,1.6,3.8,Instagram,5.1,6.0,3.5,72.7,65.3,2.99,63.8
577,21,Female,4,Engineering,6,3,5.8,2.0,5.0,3.0,1.0,3.2,Instagram,4.3,4.3,1.2,75.9,66.0,2.05,56.2
578,22,Female,2,Computer Science,6,8,7.4,1.0,5.0,5.4,2.8,5.4,Both,3.9,3.2,2.8,76.6,61.3,2.46,59.9
579,18,Female,3,Engineering,5,5,4.7,2.0,5.0,4.9,3.3,3.6,Both,6.1,7.5,3.3,79.2,51.4,2.7,65.6
580,23,Female,2,Science,6,9,6.5,1.0,5.0,3.6,1.9,4.4,Both,2.1,3.5,4.8,,79.1,2.67,70.7
581,22,Female,2,Engineering,4,4,8.6,4.0,8.0,3.8,0.6,1.5,TikTok,3.8,7.1,,79.2,75.5,3.18,78.5
582,20,Female,1,Computer Science,5,5,7.9,4.0,6.0,1.4,0.0,2.8,Instagram,6.6,6.4,4.0,89.2,84.1,3.17,87.1
583,22,Male,2,Business,4,4,8.0,3.0,8.0,4.1,1.0,2.8,TikTok,6.8,8.2,4.7,94.5,93.7,3.42,85.5
584,25,Female,1,Engineering,4,3,7.0,4.0,8.0,4.5,1.1,1.1,TikTok,3.1,4.5,3.9,76.8,86.3,3.15,80.0
585,21,Female,2,Business,5,5,6.8,3.0,7.0,4.5,1.3,3.9,TikTok,5.9,7.3,1.4,79.9,51.8,2.57,56.8
586,21,Female,4,Arts,5,7,7.0,,6.0,4.8,2.1,3.0,Instagram,4.7,6.9,3.5,83.1,82.6,2.96,72.1
587,20,Female,1,Other,4,3,8.3,3.0,7.0,2.1,1.6,3.7,TikTok,5.3,6.9,3.9,100.0,77.0,3.29,78.9
588,20,Female,1,Engineering,6,6,4.4,1.0,6.0,1.2,0.0,1.2,Instagram,4.9,8.3,2.4,57.5,61.7,,63.2
589,22,Male,1,Computer Science,4,3,5.3,3.0,7.0,1.1,0.1,1.7,Instagram,4.0,6.7,,,65.2,,63.6
590,20,Female,4,Other,6,6,7.3,2.0,6.0,3.6,1.5,4.7,Both,6.5,3.6,2.0,88.4,53.8,3.1,71.0
591,21,Male,2,Computer Science,8,10,6.1,1.0,2.0,4.2,1.6,3.0,Both,2.6,6.5,2.6,68.6,63.9,1.94,53.2
592,20,Male,2,Arts,8,9,5.6,1.0,4.0,4.1,2.9,3.9,Instagram,6.1,7.1,1.1,73.3,43.4,2.51,50.1
593,22,Female,3,Arts,5,6,4.9,2.0,5.0,4.3,1.9,3.0,Instagram,6.2,6.6,1.8,82.5,72.1,2.53,75.1
594,22,Other,4,Science,6,6,5.4,1.0,6.0,4.5,1.2,5.4,Both,5.1,5.1,2.1,78.1,,2.21,54.4
595,23,Male,2,Computer Science,6,9,5.0,2.0,3.0,2.8,1.4,2.1,Instagram,3.4,6.0,2.6,86.7,52.3,2.48,52.1
596,20,Male,3,Business,4,3,8.4,5.0,9.0,2.7,1.1,2.2,TikTok,3.8,,5.0,88.7,79.3,3.56,93.7
597,21,Female,3,Arts,9,8,6.1,2.0,3.0,5.6,1.8,4.5,Instagram,1.7,4.3,0.5,75.9,53.2,2.14,53.0
598,19,Male,3,Science,8,10,5.9,1.0,3.0,4.1,2.7,3.9,Instagram,2.3,3.6,0.6,75.4,33.3,1.43,24.4
599,20,Female,1,Arts,5,5,7.2,3.0,7.0,4.6,1.7,3.3,Both,4.7,4.7,2.5,88.7,73.5,2.68,75.1
600,22,Female,4,Computer Science,6,6,7.0,3.0,5.0,5.5,1.7,4.2,Both,1.4,5.4,0.9,73.4,67.6,2.53,57.1
601,22,Female,2,Engineering,4,6,7.5,4.0,6.0,3.8,2.6,2.8,Instagram,3.0,8.1,4.1,86.6,76.6,3.26,80.3
602,19,Male,1,Computer Science,4,5,7.7,4.0,,3.7,2.4,1.5,Instagram,5.9,9.8,1.3,88.1,61.0,2.86,69.7
603,22,Male,2,Business,4,6,5.8,1.0,7.0,2.9,0.7,2.3,Instagram,3.3,7.1,3.8,77.0,73.0,3.26,80.1
604,23,Female,1,Computer Science,7,7,6.5,2.0,5.0,5.7,3.2,3.2,Instagram,4.8,5.3,3.5,84.4,,2.56,66.0
605,22,Female,1,Science,7,6,7.6,2.0,7.0,,2.0,4.5,Both,3.9,4.9,2.8,66.9,81.0,1.87,65.7
606,24,Male,3,Science,9,7,5.8,2.0,2.0,6.4,1.7,6.2,Both,2.3,6.3,0.0,78.9,44.0,1.46,46.4
607,20,Female,1,Computer Science,5,6,6.6,3.0,4.0,6.1,3.1,2.9,TikTok,2.9,7.7,2.9,66.5,56.7,3.2,69.2
608,19,Male,2,Engineering,6,4,6.7,3.0,5.0,,2.6,3.4,Both,3.8,5.4,1.8,79.0,52.3,2.47,56.0
609,18,Female,2,Computer Science,6,6,7.0,3.0,4.0,2.1,1.1,3.3,Both,0.6,7.1,,,58.9,1.96,52.3
610,24,Male,1,Business,7,8,4.9,2.0,4.0,3.2,0.8,3.6,Both,4.7,,2.5,67.1,45.3,2.64,61.5
611,22,Other,4,Business,5,5,6.8,3.0,6.0,3.5,0.5,2.2,Instagram,3.9,7.3,4.1,85.1,62.5,3.16,69.3
612,21,Male,1,Science,4,4,6.4,3.0,6.0,6.3,,0.8,Instagram,4.8,8.4,4.7,86.5,81.1,3.18,83.2
613,21,Male,2,Business,6,7,7.2,2.0,7.0,5.2,2.7,3.3,Both,3.8,4.4,2.5,83.2,70.8,2.72,66.3
614,19,Male,2,Science,5,6,7.1,3.0,6.0,3.7,1.5,1.0,Instagram,3.5,7.2,3.5,80.4,77.6,2.54,66.9
615,25,Male,1,Engineering,4,5,8.7,5.0,8.0,3.2,1.8,3.3,Both,3.3,7.8,5.4,85.4,86.6,3.34,89.0
616,21,Female,1,Science,5,5,8.1,2.0,7.0,5.5,2.6,,Both,3.5,5.2,5.4,74.9,80.1,3.25,82.3
617,21,Other,3,Engineering,4,2,7.6,4.0,9.0,,1.0,2.7,Both,5.8,5.6,4.8,87.6,82.1,3.64,
618,22,Male,4,Other,7,8,7.6,3.0,4.0,2.6,2.1,4.0,Instagram,3.7,6.6,2.4,85.8,68.5,,
619,22,Male,1,Other,5,5,7.1,4.0,4.0,,1.7,4.1,Both,3.3,6.1,2.8,79.5,57.7,2.68,53.9
620,21,Female,3,Science,8,7,6.2,2.0,5.0,3.4,2.0,2.1,TikTok,1.5,5.5,2.2,69.7,47.2,2.47,53.9
621,20,Female,3,Arts,2,2,7.0,4.0,8.0,2.3,1.3,0.3,None,3.4,6.8,4.9,99.1,85.1,4.0,92.3
622,22,Female,4,Science,7,7,6.8,3.0,5.0,5.7,1.4,2.9,Both,5.7,4.8,1.9,,54.2,2.14,52.2
623,24,Male,2,Arts,7,6,6.3,2.0,5.0,4.6,1.2,2.6,Instagram,4.0,6.9,2.8,79.5,59.7,,64.9
624,23,Male,2,Computer Science,4,3,7.0,4.0,6.0,4.0,2.2,1.7,Instagram,2.0,8.0,3.8,86.6,75.2,2.48,69.3
625,24,Female,2,Other,2,2,,2.0,8.0,2.6,0.3,0.0,None,2.6,5.8,4.4,85.9,88.3,3.21,92.5
626,20,Male,3,Science,8,7,5.1,1.0,2.0,3.7,1.5,3.3,Both,2.0,4.8,0.8,74.8,,1.65,38.6
627,19,Female,3,Computer Science,5,5,7.4,3.0,7.0,4.4,3.1,3.1,TikTok,4.9,6.8,3.5,,60.3,3.28,74.2
628,21,Male,1,Science,5,6,6.7,3.0,7.0,4.3,2.4,3.9,TikTok,4.4,9.7,4.7,88.6,72.0,,70.7
629,21,Female,2,Other,6,7,8.7,4.0,6.0,3.4,,2.8,Both,0.0,6.7,2.8,87.3,74.2,2.2,62.8
630,23,Male,4,Engineering,6,8,4.3,,4.0,2.6,0.7,3.9,TikTok,3.7,5.9,2.4,60.8,50.9,2.67,57.4
631,18,Female,3,Business,4,4,5.3,2.0,6.0,3.1,0.1,1.5,Instagram,3.8,6.7,1.0,73.3,56.7,2.15,54.2
632,24,Female,4,Arts,5,4,6.2,3.0,6.0,1.9,0.1,2.6,Instagram,2.7,7.5,3.3,76.4,68.9,2.72,67.7
633,21,Female,3,Arts,3,4,7.4,4.0,7.0,1.2,,3.9,Both,2.4,4.6,3.8,81.3,81.1,3.16,79.6
634,20,Male,2,Engineering,5,6,6.8,3.0,8.0,4.7,0.9,2.8,Both,5.6,7.5,3.1,79.3,79.9,2.61,74.0
635,19,Female,2,Other,3,3,6.6,3.0,6.0,0.4,0.2,1.6,Instagram,4.2,5.4,4.3,92.3,86.0,2.96,80.4
636,18,Female,3,Engineering,8,8,4.7,1.0,4.0,5.6,1.1,3.6,Instagram,2.9,7.0,1.4,70.9,54.1,2.17,52.3
637,22,Female,1,Arts,7,7,5.5,2.0,3.0,4.0,0.4,3.7,Both,2.7,5.5,3.3,73.1,59.6,2.55,59.3
638,21,Female,2,Engineering,5,5,6.8,3.0,6.0,4.1,1.4,2.2,Instagram,3.1,6.5,2.1,80.0,73.9,2.51,68.6
639,19,Female,3,Science,6,6,4.5,2.0,6.0,2.5,0.5,2.0,Instagram,4.2,6.2,3.9,72.7,65.4,2.53,
640,19,Female,1,Business,8,7,5.9,2.0,3.0,5.1,3.0,3.6,Both,1.0,6.3,2.1,69.6,37.6,2.09,44.2
641,20,Male,3,Science,6,6,6.6,3.0,7.0,5.6,2.8,4.0,Instagram,2.4,5.5,2.6,87.4,81.5,2.56,70.0
642,24,Female,2,Engineering,5,7,5.6,2.0,6.0,4.8,2.1,2.1,Instagram,4.7,9.3,1.2,68.9,55.4,2.67,
643,21,Female,4,Engineering,6,5,7.7,2.0,6.0,2.7,1.2,3.2,Both,3.3,7.8,2.0,90.0,65.8,2.48,59.2
644,18,Male,1,Science,8,8,7.8,2.0,3.0,6.4,3.8,5.0,Instagram,1.5,3.7,2.6,90.9,51.9,2.43,54.0
645,21,Male,1,Computer Science,8,7,4.9,1.0,3.0,3.8,1.0,4.0,TikTok,1.6,5.8,0.8,77.8,60.7,1.9,51.4
646,21,Male,3,Computer Science,7,8,5.1,2.0,4.0,2.2,0.0,3.6,Instagram,4.7,7.3,3.2,68.7,53.2,2.62,58.4
647,18,Female,1,Engineering,9,10,3.9,1.0,1.0,6.9,2.0,4.6,Both,2.2,5.0,1.3,62.5,38.1,2.01,48.3
648,21,Female,3,Science,8,7,5.3,1.0,5.0,5.8,3.4,3.4,Both,4.1,7.7,0.4,79.6,31.4,1.78,37.7
649,21,Female,3,Engineering,6,4,7.0,4.0,5.0,2.1,1.5,3.4,Both,2.5,7.2,3.7,77.8,71.4,2.53,62.4
650,22,Female,1,Engineering,3,4,6.3,4.0,6.0,2.2,0.8,2.1,Instagram,2.1,6.0,3.1,80.4,70.8,2.72,74.3
651,24,Male,2,Arts,6,5,7.1,3.0,6.0,3.7,0.4,3.0,Instagram,3.8,7.5,2.8,80.4,52.9,2.79,63.1
652,23,Male,2,Business,6,7,4.9,1.0,5.0,3.5,,0.7,None,3.5,,3.7,68.2,63.4,2.49,64.2
653,21,Male,2,Engineering,5,5,7.3,3.0,7.0,3.9,2.5,3.2,Instagram,4.2,8.0,,82.9,62.0,3.17,73.7
654,19,Male,4,Engineering,7,8,5.1,1.0,4.0,6.4,2.4,2.1,TikTok,4.6,7.7,1.1,67.2,46.5,2.04,44.7
655,25,Male,4,Engineering,3,3,6.2,2.0,7.0,2.9,0.2,,Both,3.6,5.0,3.9,89.8,,2.76,66.6
656,21,Male,3,Computer Science,6,5,6.0,2.0,5.0,,1.0,2.7,Instagram,4.0,6.7,0.8,73.2,53.8,2.24,57.9
657,21,Female,3,Other,7,6,,1.0,4.0,0.1,0.6,3.1,Instagram,2.7,3.5,1.4,72.6,39.9,2.38,48.4
658,21,Female,2,Engineering,6,7,5.1,2.0,4.0,4.5,1.3,3.6,Instagram,4.3,5.4,3.3,,69.6,2.29,63.9
659,21,Other,4,Engineering,6,5,7.0,2.0,6.0,3.4,0.9,3.6,Both,3.7,7.5,2.8,83.0,60.3,2.35,61.4
660,21,Other,3,Computer Science,5,6,6.6,3.0,7.0,4.6,0.7,1.8,TikTok,2.5,6.2,1.7,85.9,67.7,2.34,57.6
661,20,Female,3,Computer Science,3,2,7.2,3.0,8.0,2.4,1.1,2.9,Both,2.4,5.9,3.9,88.0,79.2,2.89,71.7
662,20,Male,4,Science,6,6,6.2,2.0,5.0,3.1,1.0,2.3,Both,4.0,6.6,2.4,74.5,60.8,2.08,47.9
663,21,Female,1,Engineering,2,2,6.8,,8.0,3.4,0.6,0.3,None,5.2,7.2,3.1,86.4,86.7,2.71,77.0
664,20,Female,3,Engineering,7,7,4.2,1.0,3.0,5.4,1.5,1.6,Instagram,,8.1,6.0,88.7,67.4,2.9,76.9
665,20,Male,1,Business,7,6,6.3,2.0,3.0,4.5,1.7,3.1,Instagram,,,2.9,81.1,52.5,2.53,56.0
666,21,Male,2,Science,5,5,6.4,2.0,6.0,3.0,1.3,2.7,Instagram,2.2,6.5,2.6,78.5,68.8,2.33,62.3
667,21,Female,2,Engineering,4,2,8.5,4.0,7.0,5.7,1.8,1.4,TikTok,2.5,4.9,4.9,83.4,73.8,3.26,81.5
668,24,Male,4,Business,6,5,6.9,3.0,4.0,2.7,,3.6,Both,2.9,6.8,2.6,70.2,56.1,2.55,61.3
669,18,Female,4,Engineering,7,6,7.3,4.0,4.0,,1.4,2.6,TikTok,1.1,5.3,,84.1,48.3,,45.8
670,23,Female,3,Computer Science,5,5,7.0,2.0,7.0,5.3,2.0,3.6,Both,4.3,6.3,3.4,78.6,78.5,3.08,83.0
671,23,Male,3,Science,5,6,5.5,4.0,6.0,4.3,0.0,2.8,Both,2.9,5.7,3.3,85.4,59.9,2.66,64.3
672,18,Male,2,Engineering,3,2,6.3,2.0,6.0,4.9,2.0,1.4,TikTok,4.4,6.5,4.5,91.3,76.1,3.33,79.2
673,20,Male,4,Business,6,7,6.1,3.0,5.0,6.3,1.0,3.6,Both,3.0,4.7,4.3,86.5,60.9,2.91,66.9
674,20,Male,2,Science,5,4,5.3,1.0,5.0,3.8,1.4,2.4,Both,,6.7,3.9,83.4,67.2,3.4,79.0
675,19,Male,2,Other,6,5,5.8,1.0,4.0,,2.3,2.1,Instagram,2.4,,3.5,75.2,64.4,2.25,57.8
676,20,Female,1,Business,9,7,6.3,2.0,4.0,4.6,2.8,,Both,2.9,4.1,2.7,72.1,59.8,1.89,58.4
677,19,Male,3,Science,5,6,7.8,3.0,6.0,4.4,1.5,4.4,Both,2.3,4.9,4.5,83.2,67.5,3.48,82.6
678,24,Female,3,Arts,7,7,4.1,1.0,2.0,4.0,1.2,3.7,TikTok,3.4,6.1,2.6,69.8,49.7,2.32,54.3
679,23,Male,2,Science,4,5,7.9,3.0,7.0,,1.8,3.2,Both,5.7,6.0,1.7,78.3,76.4,,73.5
680,23,Other,1,Computer Science,5,5,5.8,2.0,7.0,4.7,1.7,2.3,Both,4.1,6.3,3.2,66.3,73.7,2.54,65.1
681,22,Male,4,Science,8,8,4.5,1.0,3.0,3.1,1.1,,Instagram,3.9,8.6,3.6,75.7,52.5,2.2,51.6
682,19,Male,1,Business,3,3,7.8,2.0,6.0,3.0,0.3,3.3,Both,1.8,4.5,2.7,85.7,,2.82,67.9
683,20,Female,3,Engineering,7,9,6.9,2.0,5.0,1.8,0.0,,Instagram,4.2,3.2,2.0,85.0,72.2,1.94,58.4
684,22,Female,4,Science,8,8,7.4,3.0,5.0,4.6,1.5,4.5,Both,4.5,5.4,2.4,75.6,48.0,2.65,58.3
685,19,Male,2,Computer Science,6,8,7.1,4.0,6.0,3.1,,2.5,Both,3.8,6.0,3.1,80.9,51.7,2.1,46.6
686,22,Female,1,Computer Science,4,5,9.0,5.0,8.0,3.5,2.6,2.5,Instagram,3.3,5.7,3.2,95.1,72.5,2.82,73.8
687,21,Male,3,Engineering,4,4,6.8,2.0,6.0,2.9,1.7,2.0,Instagram,3.2,6.7,3.5,93.9,73.3,2.76,67.9
688,20,Female,3,Engineering,7,8,5.9,1.0,4.0,4.3,3.1,2.3,Both,4.0,5.3,,74.2,54.2,3.03,67.5
689,22,Male,2,Computer Science,5,2,6.9,2.0,7.0,2.6,0.6,2.1,TikTok,,5.5,0.9,77.8,64.0,2.41,64.8
690,22,Male,4,Other,5,5,7.3,3.0,5.0,4.0,2.4,4.7,Instagram,4.0,5.2,3.2,91.7,72.3,2.91,77.2
691,20,Female,1,Engineering,6,5,5.7,3.0,6.0,3.6,1.1,2.7,TikTok,1.9,5.1,2.0,74.0,52.5,1.98,54.7
692,23,Female,2,Business,5,7,5.8,2.0,6.0,3.7,1.7,2.6,TikTok,2.4,8.6,0.9,75.6,50.5,2.42,61.8
693,19,Male,3,Science,4,4,5.7,2.0,5.0,3.6,0.6,4.6,Instagram,4.3,7.9,3.4,79.7,64.9,3.64,82.1
694,22,Female,4,Computer Science,8,8,3.7,1.0,3.0,5.3,2.4,3.9,Both,1.7,3.6,1.9,62.0,52.6,1.91,50.4
695,22,Female,1,Engineering,6,6,6.9,4.0,5.0,2.1,0.0,4.6,Both,3.6,3.6,2.7,85.2,60.2,2.45,59.2
696,20,Male,3,Engineering,9,8,4.0,1.0,3.0,5.1,1.2,5.1,Both,2.9,5.5,1.8,57.9,34.6,1.18,31.3
697,22,Female,2,Computer Science,6,6,6.5,2.0,5.0,3.3,1.8,2.8,Both,1.9,,3.1,78.4,71.8,2.69,75.0
698,19,Male,2,Engineering,5,6,7.2,4.0,6.0,4.3,0.7,1.8,Instagram,4.7,7.6,2.4,85.8,63.8,2.43,61.4
699,23,Female,1,Business,5,3,6.3,3.0,6.0,2.7,0.0,2.3,Instagram,4.7,6.6,3.6,78.2,59.6,2.62,62.8
700,21,Female,4,Business,5,5,7.7,2.0,4.0,3.9,1.8,2.2,Instagram,1.9,5.4,4.5,92.9,91.2,3.25,90.9
701,20,Other,1,Science,4,3,5.0,3.0,7.0,4.6,0.8,0.8,TikTok,4.3,8.2,1.7,86.6,65.3,2.3,60.1
702,23,Male,2,Science,7,8,7.9,4.0,5.0,4.6,1.5,,Both,3.4,6.0,3.6,77.3,67.0,2.66,64.0
703,20,Male,1,Business,6,6,7.3,1.0,7.0,2.7,1.4,4.0,Both,4.5,,2.4,81.4,61.0,2.79,69.8
704,19,Male,4,Engineering,7,6,3.9,1.0,5.0,6.4,3.5,3.2,Both,3.9,4.3,2.6,77.3,52.2,,47.2
705,18,Male,3,Business,4,4,8.9,4.0,8.0,5.4,2.5,2.3,Both,5.3,7.3,4.1,91.2,,2.96,77.5
706,22,Male,3,Computer Science,5,6,6.2,3.0,5.0,5.6,1.9,1.1,Instagram,3.6,6.0,2.9,89.8,64.9,2.77,68.0
707,19,Other,1,Computer Science,7,7,5.5,2.0,5.0,4.6,1.5,2.6,TikTok,3.1,6.7,,78.2,53.8,2.5,59.7
708,24,Male,3,Engineering,7,7,4.8,1.0,3.0,4.7,1.5,2.4,Instagram,2.1,6.3,1.8,73.6,51.0,1.84,39.8
709,18,Male,2,Engineering,6,6,5.9,3.0,6.0,2.0,0.0,2.8,Instagram,1.8,6.4,3.7,77.8,62.3,2.38,63.5
710,24,Female,4,Science,8,9,6.0,1.0,3.0,3.3,1.1,4.1,Both,2.0,6.8,3.5,92.9,63.3,2.01,55.9
711,21,Male,4,Science,7,7,6.0,3.0,6.0,3.2,1.0,3.6,TikTok,3.8,7.8,1.8,69.8,53.6,2.42,59.5
712,21,Female,1,Science,6,6,6.3,2.0,5.0,0.7,0.0,4.0,TikTok,2.9,8.2,2.2,71.1,54.0,2.92,66.1
713,20,Male,3,Arts,6,6,6.8,,6.0,4.4,0.5,1.9,Instagram,3.9,6.6,2.6,78.7,61.8,2.79,67.3
714,22,Female,1,Engineering,6,5,6.3,3.0,6.0,1.3,0.0,2.4,Instagram,1.6,5.2,3.0,86.0,68.6,2.43,62.8
715,21,Male,2,Engineering,8,9,4.3,1.0,3.0,,1.2,3.0,TikTok,2.5,4.5,3.1,52.9,35.9,2.28,46.2
716,23,Male,1,Science,5,8,6.6,4.0,6.0,4.1,2.0,3.4,TikTok,2.1,6.3,1.0,67.9,60.1,2.02,54.6
717,21,Other,2,Arts,7,7,3.8,1.0,3.0,4.2,2.0,3.9,TikTok,6.7,7.8,0.0,,31.3,,41.0
718,21,Male,2,Engineering,5,5,6.8,3.0,5.0,4.9,1.7,3.4,Both,3.1,4.4,2.8,95.4,64.6,2.35,60.0
719,20,Female,3,Arts,7,8,5.0,1.0,4.0,2.2,0.6,4.3,TikTok,3.5,7.3,2.2,73.9,32.9,2.13,47.3
720,21,Male,2,Engineering,8,9,6.6,3.0,3.0,3.6,0.6,4.6,Both,2.7,5.5,1.0,66.8,51.8,2.26,53.2
721,22,Male,3,Computer Science,3,3,7.7,5.0,9.0,3.0,0.0,3.6,Both,5.7,5.1,3.9,95.8,75.2,3.51,
722,18,Female,2,Computer Science,6,5,5.1,3.0,4.0,,0.0,1.5,TikTok,1.5,5.0,1.7,84.9,51.5,2.24,56.1
723,19,Male,1,Science,3,5,7.7,5.0,7.0,4.1,0.6,2.7,Both,3.2,5.1,3.1,83.8,76.4,3.14,84.1
724,22,Female,3,Engineering,9,10,5.8,1.0,3.0,5.4,1.4,4.0,Instagram,1.1,4.3,3.2,71.8,,1.87,39.6
725,21,Other,1,Science,5,5,8.6,4.0,5.0,6.0,,,Instagram,0.0,5.5,2.7,83.6,70.1,2.7,68.2
726,21,Female,2,Engineering,7,6,6.0,1.0,3.0,3.6,,3.3,Instagram,2.5,7.0,1.9,78.7,59.6,2.38,63.2
727,21,Other,3,Arts,6,6,5.2,2.0,5.0,3.4,0.7,1.8,Instagram,4.5,8.8,2.7,74.3,61.4,2.37,62.2
728,22,Male,2,Computer Science,7,5,7.2,3.0,6.0,4.4,1.7,4.7,Both,2.1,4.6,3.7,81.5,63.4,2.52,65.4
729,20,Male,1,Arts,3,4,6.1,3.0,7.0,5.0,1.8,0.0,None,4.2,7.5,3.4,90.8,75.4,2.84,73.0
730,20,Male,2,Computer Science,3,4,5.4,4.0,5.0,4.7,0.3,1.0,TikTok,3.7,5.9,2.7,87.8,69.0,2.65,58.2
731,21,Female,4,Science,8,8,5.4,2.0,4.0,4.6,1.6,3.4,Instagram,3.5,6.1,2.7,61.9,59.4,1.96,54.6
732,19,Other,3,Engineering,7,6,5.9,2.0,4.0,4.5,1.4,2.8,Instagram,5.3,4.9,3.3,68.3,70.6,2.55,68.2
733,22,Male,3,Arts,7,8,7.7,2.0,6.0,2.8,1.5,3.9,Instagram,2.5,4.4,4.1,74.4,65.6,2.63,69.6
734,18,Female,3,Science,8,9,3.8,1.0,3.0,6.5,1.8,2.6,Both,,7.4,1.6,71.2,47.5,1.44,38.6
735,23,Male,1,Arts,5,4,,2.0,,4.1,2.1,,Both,0.8,3.7,3.4,83.1,64.9,3.37,81.4
736,22,Female,2,Science,3,4,,4.0,7.0,0.4,0.8,1.9,TikTok,3.5,7.2,4.5,80.3,85.0,2.95,77.7
737,21,Female,3,Engineering,5,6,6.4,2.0,5.0,1.2,1.2,3.5,Both,3.1,5.2,3.1,82.7,71.1,2.62,66.4
738,23,Other,1,Other,5,5,8.3,5.0,5.0,4.4,,3.9,Instagram,1.6,3.2,4.6,89.6,78.3,3.07,74.9
739,24,Female,1,Engineering,6,5,6.8,3.0,5.0,2.5,1.4,4.3,TikTok,3.7,2.9,3.2,84.5,70.3,2.5,69.7
740,23,Male,1,Other,8,8,6.6,3.0,4.0,4.7,2.1,5.5,TikTok,2.1,,3.9,70.9,63.1,2.43,58.0
741,18,Male,2,Other,7,6,6.8,3.0,5.0,,1.9,3.4,TikTok,5.7,4.4,3.5,77.7,64.2,2.46,64.9
742,19,Male,4,Computer Science,8,9,5.8,1.0,4.0,5.9,3.0,3.7,Both,0.1,5.1,0.1,,34.2,1.78,37.1
743,20,Male,1,Arts,2,2,6.1,3.0,9.0,,0.0,0.2,None,4.0,7.4,3.3,98.7,79.0,3.04,77.1
744,21,Male,2,Business,6,7,7.0,2.0,6.0,3.9,1.2,,TikTok,3.4,4.8,1.1,83.4,51.3,2.47,51.7
745,22,Female,1,Computer Science,5,5,6.0,3.0,5.0,2.7,1.0,2.8,Both,2.8,5.4,2.0,69.0,66.6,2.82,71.5
746,20,Female,4,Science,8,9,5.1,1.0,4.0,5.5,2.1,4.4,TikTok,2.7,6.3,1.5,79.1,42.0,1.82,43.3
747,21,Female,1,Business,4,4,6.1,3.0,6.0,2.1,0.0,1.6,Instagram,3.6,6.9,4.0,86.8,77.0,3.15,79.9
748,20,Male,2,Arts,5,4,7.8,1.0,6.0,3.8,1.5,3.3,Instagram,5.1,6.0,2.7,93.7,67.3,3.27,74.6
749,20,Female,3,Science,6,5,3.0,,3.0,2.6,,2.4,TikTok,1.3,6.1,3.4,65.4,60.9,2.14,58.7
750,19,Female,3,Science,6,7,6.4,2.0,3.0,3.2,1.0,2.9,Both,2.2,5.8,2.0,75.1,58.3,2.51,60.7
751,19,Male,2,Science,6,7,6.3,2.0,4.0,5.2,0.6,3.5,Instagram,1.7,4.5,2.2,71.6,53.1,2.18,56.5
752,19,Female,2,Business,6,6,4.4,2.0,3.0,3.4,1.0,2.2,Both,2.0,7.5,0.8,86.6,57.9,2.22,58.5
753,19,Female,2,Computer Science,7,5,6.6,2.0,5.0,3.7,2.6,3.1,Both,3.7,6.5,4.1,74.2,60.0,2.52,62.3
754,23,Male,1,Engineering,3,3,7.3,4.0,,2.8,1.4,1.2,Instagram,4.1,4.5,5.4,81.9,91.8,3.64,88.2
755,19,Male,1,Other,4,3,7.1,2.0,6.0,4.1,1.9,2.6,Both,4.8,7.3,3.1,82.0,59.0,3.21,
756,25,Female,2,Arts,6,5,3.8,1.0,3.0,4.2,,2.5,TikTok,4.3,5.8,0.4,71.7,42.9,1.53,37.6
757,22,Male,1,Computer Science,3,2,8.2,4.0,9.0,5.3,1.7,2.8,Both,4.1,6.1,3.5,100.0,91.6,3.0,87.5
758,21,Other,1,Business,7,6,5.8,2.0,4.0,2.0,1.1,3.4,Both,1.2,5.6,2.4,75.2,54.6,1.97,54.4
759,20,Female,3,Computer Science,8,9,6.8,3.0,5.0,5.1,2.8,5.0,Both,5.0,5.2,1.5,85.3,52.6,2.48,58.0
760,22,Female,4,Engineering,4,4,6.8,2.0,7.0,4.2,0.6,2.5,TikTok,3.5,8.5,6.1,86.0,,3.04,84.2
761,20,Female,3,Computer Science,6,5,5.1,2.0,4.0,2.9,1.1,4.1,TikTok,4.8,4.5,4.3,76.2,67.0,2.81,66.0
762,21,Male,1,Engineering,3,2,7.4,4.0,6.0,3.0,0.0,2.9,Instagram,1.5,,1.6,78.8,68.7,2.83,70.3
763,25,Female,1,Computer Science,3,4,6.5,3.0,6.0,4.4,1.9,2.2,Instagram,3.2,6.8,2.1,95.7,73.8,2.77,77.7
764,21,Female,4,Other,7,8,3.6,1.0,2.0,3.6,1.1,2.3,Both,4.9,6.8,2.4,78.4,42.9,2.49,53.6
765,23,Male,1,Science,3,3,8.1,4.0,8.0,4.6,1.6,3.3,Both,3.3,5.9,,96.1,,2.41,69.1
766,20,Female,1,Engineering,7,6,5.7,1.0,4.0,2.0,1.5,5.0,TikTok,1.5,4.8,,79.4,56.3,2.29,57.7
767,21,Female,2,Computer Science,7,7,5.5,2.0,4.0,5.5,,4.2,Instagram,5.3,5.4,2.0,71.9,42.0,2.22,51.3
768,24,Male,3,Engineering,6,8,5.9,2.0,6.0,0.7,0.2,3.2,Instagram,2.1,4.8,2.6,78.3,71.1,1.94,57.0
769,20,Male,3,Computer Science,6,5,6.4,2.0,5.0,5.1,1.4,2.5,TikTok,3.4,7.7,3.9,85.9,75.0,2.41,66.2
770,24,Female,1,Engineering,4,4,6.8,2.0,7.0,4.4,,1.6,Instagram,4.7,6.3,,91.6,87.7,3.72,87.8
771,22,Male,1,Engineering,5,7,,3.0,7.0,4.9,1.9,3.6,Instagram,6.3,9.3,3.4,87.0,81.2,,80.8
772,20,Male,4,Other,6,6,4.3,2.0,3.0,5.5,1.2,3.9,Both,3.0,6.7,0.8,86.6,55.1,2.16,53.6
773,22,Male,1,Arts,6,8,5.9,2.0,6.0,4.2,0.4,4.1,Instagram,2.7,2.6,2.4,80.6,58.7,2.64,63.9
774,23,Male,3,Computer Science,7,7,6.2,1.0,4.0,7.5,4.1,3.8,TikTok,2.6,6.9,1.7,84.1,42.4,1.77,40.0
775,22,Female,3,Science,2,1,8.3,5.0,9.0,4.9,2.7,1.6,TikTok,4.0,6.6,6.5,93.6,93.1,3.91,97.3
776,18,Female,3,Arts,5,5,5.8,2.0,5.0,4.0,1.9,1.9,Instagram,4.4,5.0,3.7,78.2,64.4,3.08,71.9
777,20,Male,2,Business,4,3,7.5,3.0,7.0,3.9,0.5,2.5,Both,5.1,8.3,3.9,93.7,82.1,3.02,78.9
778,21,Female,1,Business,4,2,6.7,3.0,6.0,4.0,1.0,2.5,Both,4.6,6.1,3.8,89.8,76.1,3.4,82.3
779,21,Female,2,Arts,5,5,5.9,3.0,5.0,3.8,1.0,1.8,TikTok,2.6,5.6,2.8,,53.4,2.36,
780,22,Female,4,Business,6,7,5.7,1.0,6.0,4.4,2.0,2.3,TikTok,5.1,7.2,4.1,73.5,74.7,2.8,85.4
781,21,Male,4,Science,7,6,5.7,1.0,5.0,3.5,1.4,3.3,TikTok,3.8,7.6,1.8,82.2,63.9,2.28,61.8
782,19,Male,1,Science,5,4,,4.0,5.0,1.3,0.3,1.0,TikTok,4.6,7.1,4.3,78.8,85.9,3.24,83.6
783,22,Other,1,Computer Science,4,5,8.2,4.0,7.0,4.5,1.2,4.2,Both,4.3,6.2,5.1,93.3,76.6,3.3,
784,22,Female,4,Engineering,6,6,6.4,1.0,6.0,5.2,2.9,3.7,TikTok,5.4,5.7,1.9,73.8,60.1,2.73,62.7
785,22,Male,3,Arts,7,8,7.5,3.0,5.0,4.4,2.2,3.5,Instagram,3.3,7.4,3.2,73.9,56.1,2.7,60.4
786,23,Male,4,Engineering,4,2,5.0,2.0,5.0,2.4,1.9,1.4,Instagram,3.3,6.7,3.6,81.7,84.7,2.27,72.1
787,22,Female,1,Arts,4,3,6.3,2.0,6.0,4.7,2.1,,Instagram,4.0,6.3,1.9,87.2,64.6,3.1,74.9
788,22,Other,2,Arts,5,5,5.7,2.0,6.0,2.3,1.3,2.4,Both,5.1,6.3,1.2,82.4,53.9,2.09,57.1
789,21,Female,3,Engineering,7,8,6.5,2.0,4.0,2.0,0.0,2.6,Instagram,3.5,7.5,1.6,73.7,49.5,2.74,55.0
790,18,Female,3,Engineering,4,3,,3.0,7.0,4.8,1.5,2.2,TikTok,,6.5,3.0,90.3,71.3,2.73,69.2
791,22,Male,2,Engineering,6,5,7.3,2.0,,3.7,1.2,2.5,Both,4.4,7.8,,82.9,72.0,2.67,70.2
792,21,Female,1,Business,7,7,5.6,2.0,4.0,4.2,1.8,3.5,Instagram,2.9,5.4,1.7,75.8,40.2,2.21,51.0
793,21,Female,2,Computer Science,5,6,6.4,3.0,4.0,3.5,1.8,3.3,Both,3.9,7.1,5.0,80.6,87.8,2.85,80.5
794,19,Male,1,Engineering,6,5,7.2,3.0,6.0,1.9,0.0,1.5,TikTok,3.2,6.7,,75.9,74.6,2.29,62.1
795,19,Female,2,Arts,6,6,4.0,1.0,4.0,,1.8,1.0,Instagram,3.8,5.6,2.7,81.1,68.7,2.25,63.6
796,23,Other,4,Science,6,7,8.4,3.0,6.0,5.5,2.1,3.5,Both,2.0,5.6,2.9,78.0,79.7,2.76,75.0
797,21,Male,2,Business,6,5,6.1,3.0,5.0,3.6,1.6,2.3,Both,3.5,3.7,2.7,89.4,62.1,2.91,69.0
798,22,Female,4,Computer Science,10,10,,1.0,1.0,5.3,2.9,5.7,TikTok,4.6,5.0,2.1,60.2,,1.41,37.4
799,21,Male,1,Science,7,7,6.8,3.0,6.0,4.5,1.8,1.6,Instagram,4.5,4.9,3.6,81.0,61.1,2.81,62.9
800,21,Female,3,Business,6,7,6.2,2.0,7.0,3.9,0.9,0.9,Instagram,4.4,9.3,3.9,79.9,65.1,2.72,73.0
801,23,Female,4,Engineering,6,7,6.0,1.0,4.0,3.9,1.5,3.8,Both,3.9,4.3,2.3,77.7,71.3,2.41,68.7
802,20,Female,1,Engineering,7,8,,3.0,6.0,1.9,1.4,2.9,Both,3.7,9.4,2.1,84.4,53.9,2.69,61.1
803,21,Female,1,Engineering,3,2,7.5,5.0,8.0,3.0,0.6,0.7,None,2.0,7.0,2.2,91.4,72.8,2.63,68.8
804,20,Male,2,Engineering,5,6,6.6,5.0,7.0,4.4,2.0,1.2,Instagram,3.2,5.9,3.7,84.9,64.8,2.86,76.2
805,20,Other,1,Arts,6,7,7.1,2.0,6.0,6.9,2.1,5.1,Both,,6.7,0.8,73.4,48.5,,56.7
806,20,Female,3,Science,9,10,6.0,1.0,3.0,8.4,2.9,4.4,TikTok,2.0,4.8,,62.6,43.4,2.18,49.1
807,21,Male,4,Business,4,4,7.9,2.0,8.0,6.0,2.8,0.2,None,1.4,4.6,3.6,76.4,85.9,2.58,71.3
808,20,Female,2,Engineering,5,5,4.7,1.0,4.0,3.5,1.8,3.0,Both,4.7,6.6,2.6,76.9,65.6,2.32,60.6
809,23,Female,1,Science,7,5,7.0,2.0,5.0,3.2,,4.1,Both,3.5,6.8,3.6,91.9,72.9,2.57,62.3
810,19,Male,2,Arts,7,9,6.3,2.0,4.0,2.7,2.1,2.2,TikTok,3.8,8.0,4.0,76.7,52.5,2.86,64.7
811,21,Female,3,Other,6,5,7.0,3.0,5.0,3.2,1.2,2.4,Both,4.2,7.1,3.8,94.9,70.8,2.73,73.7
812,20,Other,1,Engineering,5,5,5.6,3.0,4.0,1.9,1.2,3.0,Both,1.7,5.1,1.7,77.4,55.8,2.29,61.1
813,23,Male,2,Computer Science,9,8,,1.0,1.0,4.9,1.8,3.1,Both,2.2,7.5,1.5,68.5,47.3,2.06,47.2
814,21,Other,3,Business,4,5,6.3,3.0,8.0,2.7,1.5,1.6,Instagram,5.4,8.4,2.4,88.8,85.1,,66.8
815,23,Male,3,Business,9,10,6.6,1.0,2.0,4.4,2.3,4.7,Both,2.5,5.9,1.2,70.4,28.2,,45.4
816,18,Male,1,Business,3,3,8.0,4.0,8.0,2.5,0.0,0.5,None,3.1,8.1,4.5,90.1,87.1,2.85,83.0
817,21,Male,3,Engineering,6,4,4.8,1.0,3.0,2.6,0.2,2.3,Both,2.8,8.8,1.3,63.5,67.5,1.94,51.5
818,23,Female,1,Engineering,6,5,8.1,3.0,5.0,3.6,1.6,3.8,Instagram,2.2,5.1,2.4,75.9,60.0,2.17,55.6
819,21,Female,1,Business,3,4,9.3,3.0,9.0,4.9,2.0,1.6,Instagram,4.8,5.8,3.0,82.3,79.0,3.27,81.8
820,23,Male,4,Science,5,5,5.6,1.0,5.0,2.7,1.5,1.4,Instagram,0.4,5.1,3.8,81.0,74.8,,69.0
821,20,Male,3,Computer Science,6,6,4.6,1.0,4.0,5.1,0.7,3.8,Both,2.9,4.3,1.8,65.5,37.2,2.08,39.3
822,23,Female,1,Science,5,4,6.4,2.0,7.0,2.0,0.6,,Both,3.5,6.8,0.3,90.2,55.5,2.04,50.4
823,25,Male,1,Engineering,6,4,7.0,3.0,6.0,3.6,1.0,2.4,Instagram,5.6,4.9,4.6,84.8,,2.62,64.6
824,20,Female,1,Arts,5,6,7.2,3.0,7.0,,1.6,4.4,Both,1.6,7.0,3.9,87.3,89.2,3.29,78.8
825,20,Female,1,Science,9,8,5.9,1.0,2.0,5.9,2.7,4.5,Instagram,1.4,4.6,0.0,65.3,36.5,1.53,41.2
826,23,Female,1,Business,4,4,8.5,5.0,6.0,3.4,0.0,2.6,Both,2.2,7.6,4.4,79.5,75.7,3.06,81.5
827,24,Other,1,Arts,6,5,5.7,1.0,5.0,,1.0,1.6,Instagram,4.4,3.7,4.2,76.0,75.0,3.18,77.6
828,20,Male,2,Computer Science,6,7,4.4,2.0,4.0,1.5,0.1,,Instagram,3.9,6.2,2.1,81.7,59.5,2.11,58.3
829,20,Other,3,Computer Science,7,8,7.3,2.0,4.0,3.5,,4.0,Instagram,1.0,3.8,2.8,,69.5,2.12,55.3
830,21,Female,3,Arts,8,8,3.6,1.0,3.0,5.2,2.2,2.8,Instagram,3.6,7.9,1.2,71.9,58.0,1.55,46.8
831,19,Female,3,Arts,6,7,5.8,2.0,6.0,5.6,1.7,3.7,Both,5.7,8.6,3.1,71.2,58.2,2.37,56.8
832,19,Male,1,Other,3,2,9.9,5.0,9.0,3.6,1.6,0.9,Instagram,3.9,4.0,5.6,87.5,100.0,3.43,93.5
833,19,Female,4,Science,6,6,,,3.0,4.7,3.2,3.3,Instagram,3.1,7.1,1.3,67.4,67.2,1.97,47.9
834,20,Male,4,Engineering,5,4,4.6,2.0,4.0,2.5,0.6,2.3,Instagram,4.2,7.8,1.9,76.8,51.8,2.99,63.4
835,21,Male,3,Science,4,5,6.1,3.0,8.0,5.7,0.8,2.0,Instagram,4.2,7.0,3.3,81.4,66.0,2.52,66.5
836,21,Male,4,Engineering,7,8,5.8,1.0,5.0,7.5,3.3,2.8,Both,1.7,6.5,2.8,73.0,59.3,1.85,53.0
837,24,Female,4,Arts,7,8,6.3,3.0,4.0,3.8,1.5,,TikTok,3.1,7.1,3.2,69.4,60.1,2.54,64.7
838,19,Female,2,Arts,6,6,7.0,2.0,6.0,6.2,2.3,3.6,Instagram,2.9,7.0,2.5,72.1,74.9,2.48,65.7
839,23,Female,1,Business,9,10,5.7,1.0,3.0,3.9,2.1,3.9,TikTok,2.2,4.4,0.6,70.3,34.7,1.84,31.0
840,21,Female,3,Engineering,5,4,8.0,4.0,8.0,3.6,0.1,3.5,Instagram,4.3,7.7,4.4,88.8,79.8,2.97,80.6
841,21,Male,3,Arts,4,3,6.4,4.0,5.0,1.0,0.0,2.1,Both,2.9,6.5,2.0,74.9,58.2,2.32,60.7
842,22,Female,3,Science,6,6,7.0,3.0,5.0,3.5,0.6,2.4,Both,3.1,6.4,2.5,83.1,63.5,,74.8
843,19,Male,2,Arts,8,7,5.5,1.0,4.0,6.0,2.3,4.4,Both,1.6,6.1,1.8,77.1,66.7,1.49,50.8
844,22,Female,1,Business,6,7,,2.0,5.0,5.0,2.9,2.9,Both,3.3,4.7,3.6,67.7,83.0,2.93,79.0
845,21,Female,2,Science,4,4,6.1,2.0,6.0,4.8,1.6,2.7,Both,5.1,4.8,2.7,94.4,71.8,2.97,81.3
846,22,Female,4,Engineering,3,2,6.3,1.0,7.0,2.9,1.0,1.8,TikTok,2.8,6.2,4.5,88.9,85.3,,77.7
847,21,Female,2,Engineering,7,6,5.4,1.0,5.0,,2.7,2.3,TikTok,4.5,8.5,3.6,81.8,66.3,2.41,64.6
848,25,Male,2,Computer Science,6,7,5.6,1.0,5.0,2.9,1.0,2.0,TikTok,3.0,4.9,1.9,70.1,53.8,1.9,54.6
849,20,Female,1,Computer Science,8,6,7.3,3.0,4.0,4.9,1.5,3.6,Instagram,0.0,,2.7,78.6,73.0,2.62,69.7
850,20,Female,2,Arts,5,4,5.8,4.0,5.0,2.1,1.0,2.3,TikTok,3.5,5.5,3.1,85.7,76.6,2.5,69.1
851,20,Male,4,Engineering,8,9,4.9,1.0,2.0,3.0,1.7,3.3,Both,3.2,5.0,1.6,66.8,49.1,2.34,49.0
852,20,Male,3,Science,8,8,5.4,1.0,4.0,6.7,2.8,2.4,Instagram,3.5,7.0,0.0,77.5,39.2,1.79,47.5
853,20,Female,3,Arts,5,6,6.8,2.0,7.0,0.9,1.1,3.0,Instagram,3.6,7.1,3.5,81.3,69.2,2.67,71.5
854,23,Female,2,Computer Science,6,6,5.9,1.0,5.0,14.8,0.4,1.9,Instagram,2.4,5.2,3.1,72.7,65.9,2.59,69.7
855,23,Male,3,Engineering,6,6,6.2,1.0,7.0,3.6,1.3,2.9,Instagram,5.7,8.5,3.9,79.4,68.1,3.13,73.6
856,20,Male,1,Engineering,5,3,6.6,3.0,7.0,3.5,0.6,0.9,Instagram,3.6,7.2,2.7,82.7,74.5,,69.0
857,20,Female,3,Arts,10,9,4.0,1.0,2.0,6.2,4.2,5.1,Both,3.0,5.3,0.2,62.6,36.2,1.14,31.9
858,22,Female,2,Science,7,6,4.9,1.0,4.0,3.5,2.2,1.6,TikTok,4.3,7.2,1.2,,41.0,,45.1
859,20,Male,2,Engineering,2,2,6.7,3.0,7.0,4.5,0.7,1.4,TikTok,3.7,9.1,0.5,90.8,55.2,,57.8
860,22,Male,3,Engineering,6,7,5.4,2.0,7.0,4.0,0.3,4.0,Both,7.2,7.8,1.9,84.1,64.4,2.67,70.9
861,21,Male,4,Business,2,1,7.1,4.0,8.0,2.1,0.0,1.9,Instagram,3.4,5.6,7.1,89.8,89.9,3.51,88.2
862,18,Male,1,Computer Science,3,3,7.5,4.0,8.0,0.6,0.1,0.5,None,4.2,6.9,5.2,77.9,83.2,3.61,84.1
863,24,Male,4,Other,5,5,6.9,3.0,7.0,4.0,1.2,2.6,Instagram,2.8,6.3,2.2,77.8,60.1,2.54,54.7
864,24,Female,1,Business,3,3,8.9,4.0,9.0,4.6,1.9,1.8,TikTok,4.8,7.6,3.5,86.9,70.8,,81.9
865,20,Female,2,Business,4,3,6.2,2.0,5.0,4.1,2.3,1.9,Instagram,3.9,6.8,2.6,94.5,70.8,2.05,62.8
866,20,Female,1,Engineering,3,5,7.3,3.0,7.0,1.5,1.2,1.3,Instagram,3.0,8.7,5.2,87.6,,2.95,74.9
867,21,Male,2,Business,7,8,5.8,1.0,5.0,2.7,0.5,4.6,Both,2.6,5.4,4.5,,62.7,2.48,67.4
868,22,Female,2,Science,5,5,9.2,5.0,8.0,5.6,2.3,3.9,Instagram,1.1,3.3,3.6,81.4,91.0,3.46,83.7
869,22,Female,1,Business,3,3,8.9,4.0,10.0,5.1,1.6,1.6,Instagram,3.6,6.8,4.4,90.4,66.8,3.17,76.2
870,24,Other,2,Science,8,7,6.7,2.0,4.0,5.0,2.6,4.1,Instagram,1.7,5.0,-0.5,78.4,50.9,2.18,55.6
871,21,Female,4,Engineering,5,5,6.3,1.0,6.0,3.1,1.3,3.6,Instagram,5.4,4.7,3.0,70.9,61.5,3.35,77.5
872,20,Male,1,Engineering,6,6,8.1,4.0,5.0,4.8,1.5,2.3,Instagram,1.4,,3.4,82.3,59.2,2.81,58.4
873,19,Female,3,Science,5,5,,3.0,5.0,1.2,0.0,2.3,Instagram,3.0,,2.9,76.0,82.2,,79.4
874,20,Male,2,Engineering,7,5,5.6,3.0,3.0,2.0,1.0,3.0,Both,,7.3,2.7,76.7,75.1,2.08,61.9
875,21,Female,3,Engineering,6,6,7.1,2.0,6.0,4.9,2.5,3.4,Both,3.3,4.3,0.7,85.6,48.8,2.53,55.6
876,24,Male,1,Other,6,6,7.0,3.0,7.0,4.7,0.5,0.5,None,,7.2,2.5,75.8,71.7,2.89,74.9
877,20,Male,1,Business,6,7,6.8,2.0,6.0,4.7,0.4,3.7,TikTok,4.3,8.9,1.3,71.7,59.6,2.46,64.0
878,21,Female,1,Business,9,8,,1.0,3.0,3.4,,3.0,Both,1.0,5.4,2.5,66.7,63.1,1.91,47.7
879,21,Male,1,Computer Science,7,5,4.8,1.0,4.0,2.7,0.6,4.9,TikTok,1.9,5.1,0.8,79.9,46.0,1.96,43.1
880,23,Female,1,Other,8,9,7.1,2.0,7.0,8.4,,5.9,TikTok,4.0,6.6,,82.3,48.8,1.47,46.4
881,25,Male,3,Business,3,3,7.5,3.0,7.0,2.3,0.5,1.0,Instagram,4.7,7.6,2.0,86.5,80.2,3.17,81.4
882,20,Female,4,Computer Science,10,8,5.6,1.0,1.0,5.5,1.2,4.2,Both,0.0,6.8,2.1,61.1,,1.45,45.2
883,20,Female,3,Science,3,1,7.7,3.0,8.0,3.9,0.3,1.8,Instagram,4.1,6.4,2.9,85.2,75.7,2.94,71.1
884,23,Female,3,Science,5,4,5.5,1.0,6.0,5.8,2.0,1.5,Instagram,1.9,7.0,2.8,69.1,56.1,2.82,65.6
885,22,Male,1,Science,8,8,5.6,1.0,,5.0,2.9,1.9,TikTok,2.8,7.2,3.8,77.4,55.0,2.66,65.6
886,24,Male,1,Arts,5,6,6.8,3.0,7.0,3.6,1.6,2.6,TikTok,3.3,5.9,3.4,88.2,56.3,2.31,65.1
887,22,Male,2,Arts,4,3,6.4,3.0,7.0,1.8,0.3,1.8,TikTok,5.8,6.9,2.7,83.0,74.2,2.56,67.4
888,20,Male,1,Science,5,6,7.4,2.0,6.0,5.7,2.3,2.8,Both,1.8,5.8,1.8,78.5,63.9,2.64,68.2
889,22,Female,2,Engineering,7,5,5.6,3.0,3.0,1.6,0.9,3.6,Instagram,1.6,4.1,,68.7,59.3,1.72,56.8
890,23,Other,2,Arts,7,8,8.1,2.0,5.0,5.1,2.7,3.6,TikTok,3.9,5.7,2.7,78.2,62.4,2.97,63.8
891,22,Female,2,Engineering,6,8,8.6,4.0,6.0,6.8,2.5,2.8,Both,3.1,8.0,3.9,79.0,64.4,2.96,76.0
892,22,Female,2,Business,5,5,6.4,3.0,6.0,3.2,0.0,3.6,Both,4.9,7.7,0.2,81.6,54.8,2.63,61.5
893,23,Female,4,Arts,5,4,7.4,3.0,5.0,4.7,1.1,3.9,Instagram,2.7,5.1,4.5,87.8,81.8,2.79,75.4
894,23,Female,3,Arts,1,2,5.1,2.0,8.0,2.9,2.2,0.7,None,5.1,7.1,1.9,92.7,64.6,2.68,64.0
895,23,Male,2,Computer Science,3,3,7.7,4.0,8.0,2.4,1.0,2.5,TikTok,3.7,7.5,3.2,83.2,76.1,3.36,79.1
896,22,Other,4,Computer Science,5,5,7.1,4.0,5.0,4.9,,3.9,TikTok,4.0,6.7,4.7,84.3,72.5,2.98,71.1
897,21,Female,4,Business,4,3,6.8,,7.0,3.5,,2.4,TikTok,6.0,7.9,1.0,91.0,59.5,2.24,54.3
898,21,Female,2,Arts,6,6,6.4,3.0,,1.5,0.2,4.0,Instagram,2.9,6.5,,72.3,,2.58,60.4
899,23,Male,2,Arts,10,9,3.3,1.0,3.0,5.0,1.9,3.1,Both,,6.7,0.6,65.4,31.6,0.97,31.5
900,20,Male,2,Engineering,8,9,,1.0,5.0,5.4,3.5,3.8,Both,2.4,5.6,1.9,79.8,63.4,2.4,57.9
901,22,Female,4,Engineering,3,3,5.3,2.0,6.0,,1.6,0.5,None,4.3,5.5,3.9,82.0,71.6,3.03,71.4
902,20,Female,4,Science,8,9,4.7,1.0,3.0,6.0,2.9,3.0,TikTok,1.8,6.6,2.0,56.2,,1.65,43.0
903,21,Female,1,Business,8,8,6.8,2.0,2.0,3.9,2.4,5.7,Both,2.3,5.0,0.4,58.1,39.4,2.17,43.6
904,23,Male,2,Arts,5,5,6.1,2.0,6.0,5.7,2.2,1.9,TikTok,2.0,4.1,3.0,80.9,65.2,2.89,69.9
905,21,Other,2,Computer Science,7,8,5.5,2.0,5.0,7.2,2.9,2.4,Instagram,5.1,6.1,2.2,77.1,68.9,,61.6
906,21,Male,2,Engineering,7,7,5.2,,2.0,4.3,1.9,2.6,Instagram,5.6,7.9,,,64.8,2.91,63.4
907,19,Male,1,Engineering,8,8,5.7,2.0,3.0,3.1,1.5,3.4,TikTok,2.6,3.6,4.2,75.5,61.9,3.06,71.6
908,22,Male,4,Other,3,3,7.2,3.0,6.0,,2.3,2.1,Both,2.4,4.9,5.3,76.5,,3.42,81.5
909,22,Female,3,Engineering,8,8,5.5,1.0,3.0,4.3,2.5,3.4,Instagram,1.7,5.9,4.0,65.7,47.9,2.64,61.4
910,25,Other,4,Business,7,8,5.7,2.0,4.0,3.0,0.8,3.4,Both,4.0,7.9,2.8,78.5,51.7,2.72,60.0
911,20,Male,4,Business,9,10,5.3,1.0,3.0,2.2,1.2,3.8,TikTok,2.5,7.0,3.8,74.1,42.4,1.89,42.5
912,21,Female,3,Business,4,2,6.5,3.0,7.0,5.3,1.8,,Instagram,2.6,8.1,2.5,80.9,72.8,2.73,70.1
913,21,Male,2,Engineering,6,5,6.9,3.0,6.0,3.0,1.8,3.8,Instagram,5.7,6.9,2.3,73.1,70.9,2.4,69.3
914,24,Other,3,Engineering,9,9,3.0,1.0,1.0,5.7,2.5,4.6,Instagram,2.8,5.4,0.3,66.5,31.9,1.14,36.5
915,21,Female,1,Engineering,5,5,7.8,4.0,6.0,2.3,0.1,,Both,4.2,7.3,2.6,85.3,70.4,2.79,
916,21,Female,3,Business,5,5,7.7,3.0,6.0,5.5,2.7,3.0,Both,3.8,5.2,3.4,77.6,63.0,2.94,66.7
917,22,Male,1,Business,5,4,5.6,3.0,5.0,2.6,0.6,2.5,TikTok,1.6,4.7,,64.4,48.7,2.0,49.6
918,21,Other,3,Engineering,7,6,5.1,1.0,3.0,3.6,0.8,3.2,Both,1.2,4.2,2.6,75.3,56.9,2.22,55.8
919,20,Female,1,Arts,6,5,6.1,3.0,5.0,3.5,0.6,4.5,Both,4.1,7.3,4.2,74.8,72.2,2.7,69.1
920,21,Male,1,Computer Science,8,9,5.8,1.0,5.0,6.2,4.1,3.1,TikTok,5.4,5.7,0.3,76.6,55.8,2.27,55.4
921,23,Female,1,Engineering,5,5,7.1,4.0,5.0,1.8,1.2,3.4,Both,3.9,7.4,1.6,84.0,76.5,,69.8
922,19,Male,1,Business,5,6,,1.0,5.0,3.7,,2.8,TikTok,4.1,6.6,0.0,69.6,44.7,,47.1
923,21,Female,3,Arts,8,7,4.9,1.0,4.0,4.9,2.0,2.5,TikTok,2.4,7.4,1.0,73.0,51.9,2.15,55.9
924,20,Male,3,Engineering,6,8,7.8,3.0,6.0,2.9,2.0,1.3,Instagram,5.0,5.6,2.9,78.1,68.0,2.89,
925,23,Female,2,Science,7,6,5.5,2.0,6.0,2.4,1.0,1.7,TikTok,5.2,6.2,1.6,66.9,51.4,2.13,56.8
926,18,Female,1,Arts,4,5,7.8,4.0,7.0,4.1,1.9,1.8,Instagram,2.4,6.7,2.3,74.7,67.7,2.58,68.0
927,20,Male,1,Computer Science,5,5,7.0,4.0,5.0,0.7,0.8,2.2,Both,4.1,6.0,3.1,,67.7,,60.3
928,22,Male,1,Computer Science,6,5,4.7,2.0,3.0,4.5,1.2,2.0,Both,0.7,2.7,1.8,82.8,54.2,1.69,46.4
929,24,Male,1,Business,4,4,7.6,4.0,8.0,2.0,0.0,2.3,Instagram,4.3,4.9,2.4,87.0,81.9,2.32,73.9
930,21,Female,4,Arts,4,4,5.8,2.0,7.0,2.8,0.0,1.5,Instagram,3.1,5.1,3.5,93.0,73.6,2.78,70.1
931,20,Male,1,Science,9,10,6.1,2.0,4.0,4.5,3.2,3.9,TikTok,1.3,4.2,1.1,79.2,58.1,1.16,39.6
932,24,Female,2,Arts,6,7,6.9,1.0,6.0,7.6,2.9,1.6,Instagram,3.9,7.4,4.2,84.0,65.0,,67.6
933,19,Male,1,Business,7,8,7.0,2.0,5.0,2.4,1.5,1.5,Instagram,0.8,6.3,2.5,85.8,39.0,2.46,50.5
934,18,Male,1,Engineering,6,7,7.2,2.0,6.0,4.5,2.6,3.4,Both,3.8,6.4,2.3,90.6,59.5,2.95,
935,22,Female,2,Arts,6,7,7.8,3.0,6.0,4.9,1.0,1.7,Instagram,1.9,8.5,,88.3,63.5,2.38,61.2
936,20,Male,3,Business,7,7,6.5,1.0,4.0,2.6,1.3,4.0,Instagram,1.6,6.9,0.2,63.0,34.6,2.03,40.7
937,19,Other,1,Science,7,7,5.0,1.0,3.0,4.4,1.8,3.4,Instagram,3.3,7.0,3.2,71.9,69.0,2.24,59.5
938,22,Female,1,Computer Science,5,6,6.2,3.0,4.0,3.9,0.7,2.4,Instagram,3.5,4.6,3.7,76.2,59.7,2.62,57.0
939,21,Female,2,Engineering,6,7,9.6,4.0,7.0,2.0,1.2,3.9,Both,5.6,6.6,2.6,96.2,73.4,2.95,69.7
940,20,Female,1,Science,5,4,7.4,4.0,6.0,3.9,2.1,2.5,Both,1.6,6.2,1.9,79.4,77.8,,68.5
941,19,Female,1,Engineering,3,1,9.1,4.0,6.0,4.3,1.6,2.4,TikTok,5.2,6.3,2.9,100.0,69.9,3.2,79.7
942,22,Male,4,Computer Science,5,7,7.5,2.0,5.0,5.4,2.4,4.6,Both,,7.5,1.6,82.6,60.4,2.46,58.9
943,22,Male,3,Arts,6,5,6.5,3.0,6.0,3.5,1.9,3.0,Instagram,5.0,6.6,0.9,80.5,63.6,2.59,59.4
944,21,Male,2,Science,5,3,6.7,3.0,7.0,6.1,1.5,2.4,TikTok,5.1,5.3,1.4,81.0,56.4,2.88,69.0
945,24,Female,2,Arts,5,3,6.6,5.0,5.0,3.5,0.5,3.8,Instagram,4.0,5.0,0.0,80.9,54.2,2.0,56.0
946,19,Male,2,Science,5,7,4.3,1.0,4.0,3.4,0.0,1.9,Instagram,2.5,8.9,2.0,77.1,62.6,2.16,60.4
947,18,Female,2,Computer Science,4,5,6.2,3.0,5.0,4.7,1.4,2.7,Both,1.4,5.2,2.9,80.1,70.2,2.86,65.8
948,20,Other,3,Business,5,4,7.4,4.0,5.0,2.3,1.5,3.3,Instagram,0.6,2.9,4.6,77.5,73.6,2.86,74.3
949,21,Female,3,Science,6,5,5.5,2.0,6.0,3.4,1.0,1.3,TikTok,6.4,6.6,3.8,77.1,60.5,2.95,69.7
950,21,Female,1,Other,4,4,7.1,3.0,8.0,4.0,1.5,3.2,Instagram,2.8,3.8,2.4,96.0,60.7,2.95,71.0
951,21,Male,2,Engineering,7,8,7.3,3.0,4.0,5.1,2.9,3.6,TikTok,2.3,6.9,2.4,90.8,65.0,2.65,66.2
952,22,Female,2,Engineering,7,7,5.5,2.0,3.0,2.9,0.1,2.8,Instagram,1.9,3.5,3.4,,56.1,2.37,55.3
953,19,Female,4,Business,8,7,5.2,1.0,,0.2,0.0,2.4,TikTok,3.9,4.8,1.7,78.1,58.3,1.67,47.8
954,23,Male,3,Other,9,10,5.2,1.0,3.0,4.9,2.3,3.8,Instagram,2.5,5.8,1.8,63.6,58.2,1.8,55.1
955,21,Male,2,Science,7,7,5.5,1.0,3.0,3.1,1.0,3.0,TikTok,0.8,6.9,1.5,70.0,42.5,1.81,45.3
956,23,Other,1,Engineering,6,6,5.4,2.0,,,,2.3,TikTok,,6.7,2.4,71.2,64.0,2.64,60.5
957,22,Female,3,Science,6,7,5.2,2.0,5.0,4.0,1.1,2.3,TikTok,4.5,5.1,2.6,83.9,75.7,2.84,79.1
958,22,Female,1,Business,5,3,8.3,3.0,8.0,3.6,2.4,2.7,Both,5.9,7.1,,91.0,64.5,3.4,79.8
959,22,Female,2,Engineering,7,7,5.5,2.0,3.0,2.8,0.7,3.4,Both,4.8,5.9,,80.5,70.3,2.72,74.8
960,22,Female,1,Arts,6,6,6.9,2.0,5.0,3.2,1.0,3.5,TikTok,0.0,6.6,1.7,82.4,62.5,1.93,58.6
961,22,Female,3,Other,6,5,5.7,2.0,4.0,2.1,1.7,2.0,Instagram,5.4,7.9,2.8,73.6,68.5,2.94,67.9
962,23,Male,1,Business,8,6,8.1,4.0,7.0,3.1,2.5,3.9,Instagram,4.7,5.7,,77.8,63.3,2.95,70.1
963,21,Male,2,Science,4,4,7.8,3.0,7.0,5.9,2.8,0.6,None,2.5,7.4,4.1,88.4,93.1,2.84,83.1
964,22,Male,4,Science,7,7,6.9,3.0,4.0,4.3,2.5,,Both,2.8,6.1,1.8,75.2,50.5,2.48,52.2
965,21,Female,1,Engineering,5,5,7.0,3.0,6.0,3.1,1.0,2.5,TikTok,4.3,8.2,3.4,83.7,75.0,2.77,67.7
966,23,Female,2,Computer Science,6,8,6.3,2.0,5.0,2.8,0.2,2.9,TikTok,2.2,6.8,5.3,72.3,74.9,2.35,68.6
967,20,Female,2,Science,6,6,5.0,2.0,5.0,0.7,0.1,1.2,Instagram,3.5,7.3,2.5,84.5,63.5,2.06,59.7
968,24,Male,1,Science,4,3,9.0,5.0,9.0,2.7,0.7,,TikTok,4.8,8.2,4.6,96.6,76.8,3.37,89.2
969,21,Female,3,Arts,8,8,5.3,1.0,4.0,4.4,2.0,4.4,Instagram,4.2,6.1,1.9,81.1,41.5,2.03,45.6
970,19,Female,1,Business,6,5,7.2,3.0,5.0,6.2,1.8,4.4,Both,2.3,4.7,2.9,84.0,67.6,2.27,55.7
971,21,Female,2,Arts,5,5,7.6,3.0,7.0,1.8,0.3,2.7,Both,4.8,6.9,3.2,78.0,66.9,3.09,72.0
972,20,Female,2,Engineering,5,6,5.7,1.0,6.0,4.2,0.8,2.4,Instagram,4.1,6.1,1.6,77.0,55.3,2.52,62.5
973,22,Male,3,Computer Science,5,6,7.4,3.0,6.0,4.7,2.2,4.0,TikTok,3.9,,3.5,79.2,75.5,,66.8
974,20,Female,3,Other,4,3,6.9,3.0,7.0,2.6,1.3,0.5,None,3.2,6.7,2.3,82.4,55.9,3.42,72.5
975,20,Male,1,Arts,7,8,8.5,4.0,5.0,4.1,2.3,3.4,Instagram,3.0,6.5,2.5,88.0,72.2,2.2,60.5
976,18,Male,1,Other,7,6,5.9,2.0,4.0,4.8,1.4,4.0,TikTok,2.3,4.2,4.2,65.0,66.2,2.42,67.2
977,20,Female,3,Engineering,7,4,4.7,1.0,1.0,5.8,2.4,3.7,Both,0.9,6.0,1.9,66.5,57.0,,56.3
978,18,Female,2,Business,9,8,5.6,2.0,4.0,4.0,2.1,4.2,TikTok,2.6,4.2,0.6,67.4,44.8,1.54,38.5
979,18,Other,4,Business,4,4,5.9,3.0,6.0,3.5,0.6,0.5,None,3.7,,3.7,73.7,76.4,3.27,77.5
980,22,Female,4,Business,6,7,6.0,2.0,6.0,1.6,0.3,2.0,Instagram,4.1,7.7,2.3,80.1,50.7,2.37,53.0
981,22,Female,4,Science,4,6,5.5,3.0,6.0,3.6,1.3,1.6,Instagram,5.6,7.4,3.3,81.1,78.8,2.6,64.6
982,22,Female,2,Science,6,6,4.4,2.0,4.0,2.0,0.0,2.9,Both,2.5,6.4,,80.6,51.2,2.08,49.0
983,19,Female,2,Engineering,7,8,6.8,2.0,5.0,4.9,1.4,2.3,Both,2.8,5.9,3.5,75.2,60.5,1.72,44.6
984,21,Male,3,Science,4,5,8.3,3.0,7.0,4.6,1.6,2.3,TikTok,4.4,5.9,4.0,,78.1,3.33,84.2
985,21,Male,2,Engineering,5,6,6.9,2.0,6.0,3.0,1.2,2.2,Instagram,1.7,5.9,2.0,81.2,65.5,2.81,71.7
986,19,Male,1,Arts,3,4,7.2,4.0,8.0,1.9,0.0,2.6,TikTok,4.1,8.8,3.9,71.5,79.1,2.5,68.9
987,24,Female,4,Engineering,7,8,6.8,2.0,6.0,4.8,2.4,3.0,Both,2.9,6.3,4.9,67.8,75.2,2.67,71.3
988,22,Male,4,Engineering,5,6,6.4,3.0,6.0,3.7,1.4,2.7,TikTok,3.4,4.6,2.2,83.5,75.7,,66.2
989,21,Male,2,Business,6,5,7.4,4.0,5.0,3.7,1.5,2.5,TikTok,4.6,4.5,3.8,84.7,62.9,2.87,70.4
990,21,Male,1,Business,4,2,7.1,,6.0,3.4,1.3,1.4,Instagram,2.9,4.7,3.8,83.8,81.2,3.59,93.0
991,21,Other,2,Computer Science,4,5,6.1,1.0,7.0,5.1,1.1,1.0,TikTok,4.7,6.5,3.7,92.3,72.8,2.99,74.7
992,18,Male,3,Business,9,10,5.0,1.0,2.0,5.0,3.0,3.1,TikTok,0.3,6.9,2.7,69.7,59.4,1.81,56.8
993,21,Female,4,Science,7,6,5.6,2.0,4.0,4.7,1.8,2.7,Instagram,1.4,4.5,2.2,83.2,68.0,1.32,49.0
994,20,Male,1,Computer Science,7,6,6.9,3.0,4.0,5.5,0.4,3.0,Both,0.0,7.0,2.6,58.7,60.1,1.95,53.4
995,19,Female,1,Business,9,9,6.1,1.0,4.0,4.7,3.2,3.1,Both,1.3,5.9,1.9,81.2,54.4,1.86,52.4
996,21,Male,4,Engineering,4,5,6.2,3.0,7.0,3.7,1.0,3.7,Both,6.6,7.4,2.2,82.0,74.7,2.8,
997,24,Male,2,Business,5,5,7.1,2.0,6.0,3.3,0.5,3.0,Both,3.7,6.8,3.6,83.2,79.0,2.95,73.9
998,22,Female,2,Computer Science,5,4,7.4,3.0,8.0,2.5,0.0,2.2,TikTok,2.9,7.0,2.8,90.6,78.2,2.92,72.5
999,20,Male,4,Science,3,2,,3.0,8.0,3.8,1.3,2.3,Instagram,4.9,6.2,5.8,,86.1,3.29,84.3
1000,22,Male,1,Science,5,6,6.8,3.0,6.0,,1.4,4.4,Both,4.6,3.4,2.2,81.5,59.5,2.62,56.2
